a,e,i,O,w,M,H
2.11791134,0.527129531,21.2942924,12.6857433,303.35412599999995,81.73088840000001,23.3744831
1.24661505,0.71583122,45.714408899999995,248.20478799999998,33.6259651,240.98698399999998,21.0217495
2.37805653,0.641849339,26.295887,349.700226,162.361206,45.210865000000005,22.8699932
1.29505801,0.475836515,66.65334320000001,196.728928,250.422821,124.552879,18.7317371
2.87110162,0.698752582,27.0289478,243.166931,314.782135,8.81736565,22.0838299
2.24359655,0.695750594,1.48265946,175.621307,201.91246,227.49577299999999,21.8716698
2.1838274,0.549088359,13.265506699999998,294.978302,81.77156070000001,169.38716100000002,23.1471825
1.85770559,0.5383338329999999,33.497974400000004,72.4255142,326.163544,146.91403200000002,23.222578
2.34484053,0.607557297,22.5916538,241.343552,243.95486499999998,59.836208299999996,22.355470699999998
1.31917071,0.894519627,9.40684605,70.5282898,212.695206,26.102012600000002,23.0243015
2.49995542,0.632830381,36.1989021,75.646225,288.45806899999997,33.5443077,20.944704100000003
2.09692335,0.707665861,9.67174053,315.254974,2.89864182,246.474014,19.9489346
1.3040297,0.500201702,44.1863976,62.0471001,151.308731,138.715912,22.866502800000003
1.78762317,0.735652745,42.9081001,81.5337448,349.011322,317.75338700000003,23.2382336
2.18863654,0.787618995,64.5985794,252.10275299999998,158.49221799999998,211.71124300000002,23.290079100000003
1.03254378,0.34491062200000006,7.61838675,241.25370800000002,6.38268089,279.17217999999997,20.944398899999996
2.5347054,0.8418027159999999,26.120124800000003,122.631927,339.291199,338.037598,22.277841600000002
2.13130188,0.6853464840000001,16.661596300000003,11.044188499999999,179.088501,38.955760999999995,22.8012066
1.69398296,0.452554733,55.688564299999996,13.4466,231.58334399999998,108.118279,20.6214237
1.78439939,0.55381006,32.520462,153.415573,18.3232651,134.624084,22.144290899999998
0.9129846690000001,0.433462739,50.6529579,160.210999,240.95277400000003,306.02243,23.340301500000002
2.56405616,0.7611846329999999,23.646759,131.237991,325.61328100000003,68.7546921,22.747488
2.4252193,0.58410114,7.12167645,5.0453639,90.3262939,356.229309,19.247545199999998
1.67396796,0.42382252200000003,41.0021248,229.815475,100.265381,52.6554871,21.7875767
0.9100412729999999,0.256996065,23.3268261,25.9291611,2.53318548,94.0195312,22.0589485
1.26292491,0.666380644,40.4873314,352.560028,150.827744,188.700684,23.3270454
0.9566143159999999,0.310273349,13.3500395,331.700256,319.07705699999997,243.12107799999998,23.4756832
2.94381928,0.695002317,56.37959670000001,120.311577,149.114136,338.613129,22.121107100000003
1.49183846,0.7083672879999999,50.0267982,339.959656,186.25028999999998,18.606000899999998,21.9200287
2.12385893,0.5403774379999999,27.7808418,350.02383399999997,250.89282200000002,107.660873,20.495706600000002
2.72282577,0.72905165,30.1783142,344.50631699999997,242.341309,6.67550325,22.9259892
1.66159821,0.519019723,31.231206899999997,333.56356800000003,290.26828,301.744171,21.9873867
1.48855484,0.44892129299999994,12.1730366,199.17926,340.150269,151.076447,18.4311352
1.79827678,0.542493641,9.61905575,178.183807,58.594497700000005,346.079285,20.803812
1.24869299,0.9650580879999999,19.8183117,105.91976899999999,175.463043,194.805267,23.305805199999998
2.14311266,0.645583451,42.033969899999995,104.477531,127.94580800000001,358.945068,21.7679234
2.46987247,0.788560092,24.547233600000002,161.863388,314.938599,150.709793,22.9945087
2.5669198,0.739185214,16.716915099999998,255.63740499999997,245.678848,244.823441,23.1898556
2.70908809,0.75135541,24.558094,219.18688999999998,345.693848,310.009888,19.926250500000002
2.78577733,0.678550601,11.043362599999998,73.4779434,251.27134700000002,247.992554,21.4659653
2.47818446,0.83801651,42.2707787,162.273682,254.861816,138.535446,23.4200211
2.25736547,0.631029367,22.2191105,23.884235399999998,180.797974,26.0583267,23.4209538
2.90654469,0.862766027,29.611043900000002,74.74662020000001,308.246765,203.123291,19.663223300000002
1.24667692,0.279017866,33.5308685,277.505951,28.636453600000003,246.60939,22.064329100000002
2.93614554,0.6801834109999999,20.4968662,312.699524,143.793304,295.89642299999997,19.0188065
2.58802795,0.715711772,26.5493088,309.568665,295.538391,213.182816,22.8313332
2.77175951,0.8020735379999999,28.084589,342.332764,170.765503,74.0926132,23.019458800000002
2.68531227,0.798372805,10.4957275,108.59940300000001,286.950195,84.7046967,22.603261899999996
1.50766158,0.699956357,53.16266629999999,182.474976,61.72452929999999,242.627548,21.4966736
2.94805861,0.8724654909999999,23.2748852,129.227676,267.589508,32.297596,22.9471302
2.43778801,0.6030606629999999,57.0606575,335.454498,89.4096222,335.676758,22.7848492
2.29650021,0.8336393240000001,7.4287405,127.882225,195.24733,153.915405,22.786300699999998
2.72478604,0.663560927,11.1743641,57.229080200000006,207.448303,38.8859901,23.334882699999998
0.77906394,0.301405042,28.9573021,208.10656699999998,236.151917,212.999634,22.991256699999997
2.43931317,0.606750965,34.1402893,20.3965034,287.62203999999997,185.078033,17.013237
1.53378558,0.34314253899999997,11.7094212,308.75293,251.60362200000003,62.8375931,23.0576115
2.31186056,0.616676986,49.83890529999999,55.54683299999999,141.68364,139.047089,20.711217899999998
1.30809963,0.6865324970000001,7.18745327,102.744225,9.43930531,41.8552399,21.875946
1.13456094,0.7179360990000001,50.2524605,68.4119949,9.63234901,249.50025899999997,23.0596867
1.62951648,0.560099781,14.1495285,345.326965,343.779053,4.49038267,21.927312899999997
2.45248008,0.62216562,35.0639801,250.638779,256.18743900000004,117.01258899999999,21.8713017
2.57236528,0.848013997,44.4669571,16.022369400000002,165.79179399999998,10.320346800000001,23.237092999999998
1.16723502,0.645381868,41.5246735,5.37515736,94.728775,351.37399300000004,23.3417072
2.11846709,0.599919915,12.199386599999999,349.219025,165.308594,86.078125,22.7872429
2.09883118,0.53498739,56.2692299,347.325195,186.84906,228.24444599999998,22.4985046
1.76989841,0.464997947,2.94388843,153.97868300000002,182.173172,209.35997,23.0538788
2.69285107,0.689653814,21.4670715,344.489166,248.792084,214.16152999999997,21.7637444
2.72487831,0.633910954,16.178735699999997,351.250885,175.957825,231.320694,22.270299899999998
2.58493304,0.8596688509999999,13.369226500000002,303.35836800000004,181.26915,114.55032299999999,21.5950508
2.27709174,0.736635149,8.78451157,309.374237,254.97479199999998,44.6592751,21.2737331
2.55435634,0.622879624,23.444044100000003,69.7351151,26.423181500000002,221.58268700000002,22.7573471
0.90483135,0.254917502,41.072002399999995,137.542068,114.22330500000001,51.0461807,23.3061008
1.68987036,0.878320098,39.5461922,269.508942,192.69923400000002,288.402832,23.2475796
1.72281849,0.7602183220000001,42.6192093,3.75908375,188.513687,136.03758200000001,22.030920000000002
1.93737268,0.49142271299999996,14.400590900000001,207.685745,20.8334694,156.912399,22.2867985
1.82595325,0.676697969,20.567710899999998,98.5034256,328.984833,319.30319199999997,22.3263226
1.71659422,0.46520224200000004,44.8402977,260.60290499999996,234.17707799999997,15.2692471,23.2722282
2.22012544,0.732438087,16.378355,202.826523,105.206558,341.745819,20.9651794
2.77649498,0.65757829,30.541217800000002,311.340729,19.4476471,328.66445899999997,23.4146633
2.44900465,0.587793469,20.0521603,164.695801,290.327911,65.80065920000001,23.0990982
1.68419385,0.471599489,43.0075455,160.863724,92.576828,289.985199,22.396182999999997
1.29321659,0.26132288600000003,68.45857240000001,77.69744870000001,273.276489,358.007721,23.4629688
1.41707933,0.46566817200000005,43.1127663,54.170902299999995,281.525299,88.1944199,22.9253807
2.74271727,0.635744214,10.5456705,285.589264,20.2485104,42.3063316,22.7711029
2.62132263,0.763102293,34.2196503,133.875641,2.40807652,85.8031693,23.4822178
2.9516077,0.7153328059999999,17.042738,83.9010773,315.735687,293.501801,22.598629000000003
2.08399534,0.555319726,9.0927763,129.309479,25.283844000000002,300.036255,21.2964802
1.41465759,0.573929489,30.570074100000003,175.59703100000002,281.011414,150.168259,23.380003
3.08574224,0.85305047,28.9749413,129.379868,356.77252200000004,109.248352,18.8068867
0.978423655,0.22233343100000003,15.2220888,26.0231991,39.233936299999996,208.571182,22.9131603
2.4149735,0.6923066379999999,10.842732400000001,259.042908,242.31015,169.29023700000002,18.4005775
1.64524508,0.470379025,8.3336544,40.348278,189.411957,10.717667599999999,22.6882992
2.59432197,0.672497392,10.218737599999999,118.62207,351.845215,285.886261,22.6062107
1.40798962,0.539084315,14.685971300000002,327.025757,245.996902,209.24316399999998,23.0185432
2.38117719,0.7649753690000001,56.638194999999996,130.831924,184.867706,178.254242,23.422698999999998
2.20120382,0.639567196,21.7280273,309.398254,137.321579,80.9268341,22.791126300000002
2.27236438,0.64751786,70.0214386,357.914734,278.235474,234.34590099999997,23.0999737
1.92776,0.5691801910000001,76.93517299999999,181.695023,140.392441,160.55252099999998,21.951189000000003
0.8786767129999999,0.21887131,31.093744300000004,9.28950882,56.984260600000006,48.6993027,22.106475800000002
1.56295359,0.769962192,27.8323097,318.815155,203.782227,263.932343,23.449482
1.78862941,0.441155136,5.80392408,214.99165299999999,16.654521900000002,334.044678,22.2425823
1.03259146,0.298827261,55.5253029,80.7908401,131.709732,124.90669299999999,23.4943676
1.36945176,0.701643527,33.083980600000004,308.714142,30.5789852,169.257172,21.727582899999998
0.953316092,0.534277916,56.025814100000005,252.935547,342.86801099999997,88.9443283,22.600891100000002
2.12071824,0.703963935,22.3248177,135.92478899999998,255.95809900000003,22.7907085,23.0882988
2.05653739,0.8036878709999999,29.350217800000003,352.959076,251.40933199999998,56.476326,18.0455437
1.34399295,0.515549064,48.8019905,92.62657929999999,254.247925,120.29843899999999,20.0402889
0.9853372570000001,0.439907819,7.58440447,255.00856000000002,261.353729,224.00758399999998,21.5805264
1.33676779,0.450890034,5.18533611,280.00778199999996,9.58315754,292.108948,22.405651100000004
2.56294227,0.794140637,17.778739899999998,231.180084,329.789246,29.6433239,23.2190762
2.57519889,0.7489113209999999,7.87867117,112.89578999999999,79.4451828,323.337616,19.716154100000004
1.65388107,0.38945460299999995,7.56928921,288.628662,277.144226,86.049736,23.3315926
1.27362406,0.596636951,36.4024315,110.401855,294.920593,253.350998,23.424249600000003
1.13770902,0.273579627,30.964120899999998,118.75216699999999,110.89679,63.1630821,22.9170151
1.30217445,0.229047671,29.0790863,170.97425800000002,43.9734955,325.194611,23.2091179
2.40829277,0.609865248,83.1471863,239.6138,292.54486099999997,177.076675,23.367826500000003
2.66229391,0.7151016,23.934921300000003,336.97454799999997,161.709015,236.64022799999998,21.2171707
1.51076889,0.35944128,7.38428497,294.66629,60.8112144,190.89032,21.7170544
2.57741261,0.799780965,29.782197999999998,256.615021,18.6549568,259.973633,21.927671399999998
1.23154378,0.678473353,36.0941544,208.032028,310.061615,292.113373,23.0893135
1.25650263,0.33385649300000003,17.1397133,68.85530849999999,340.276459,175.15026899999998,23.1706028
2.44472384,0.905080199,27.046012899999997,287.832855,156.749878,334.607391,23.1895676
1.49603999,0.811525822,42.3661804,41.119743299999996,303.632538,88.51949309999999,18.599361399999996
2.15496206,0.8581672909999999,12.452364,202.06956499999998,50.4128571,109.534927,23.0905685
2.14961028,0.532216609,57.3670044,45.8428574,282.46932999999996,64.2872086,23.032518399999997
1.5900985,0.5067885520000001,48.8440857,188.24928300000002,339.490295,186.65448,22.5143528
2.33919263,0.565765023,7.89966011,336.160889,213.32102999999998,184.61781299999998,22.4314575
2.04640675,0.654492497,2.94581938,5.76595545,32.673481,59.473758700000005,20.292593
1.24952459,0.19873650399999998,20.4403152,206.50663799999998,154.319244,159.691895,22.387971899999997
3.27106667,0.93483597,32.3130684,288.166992,37.119606,66.8528061,20.0344257
1.49182951,0.443882734,53.5142593,268.107819,101.97421999999999,279.91503900000004,21.5256329
2.0899725,0.663780987,38.8384399,189.404083,129.581329,205.323318,23.084068300000002
1.15336049,0.183091268,43.3339386,337.83194,265.141083,176.402954,23.3302193
1.84595239,0.799567878,44.740924799999995,48.1138611,31.575286900000002,343.972961,23.2954979
0.710122824,0.66770345,34.031139399999994,23.7186775,137.54754599999998,317.079987,23.418663000000002
2.60057116,0.628712356,11.5290337,49.1740532,193.455185,352.98465,23.3761272
2.38447332,0.6317967179999999,15.750941300000001,41.1679382,236.732361,38.2571526,23.311235399999997
2.63867211,0.741950333,52.4898872,32.3637581,66.06037140000001,258.87515299999995,22.9863224
1.1969521,0.827378452,7.77741909,167.745544,49.1884842,135.65661599999999,22.498992899999998
1.33965135,0.678986251,42.916740399999995,341.175171,256.852234,123.938759,19.1020241
1.81625783,0.582247615,21.614975,340.102783,288.90072599999996,314.619324,22.2683945
1.48918867,0.337161392,28.110523200000003,228.09465,54.344516799999994,301.92971800000004,19.0015392
2.0218997,0.860463738,39.065303799999995,235.4646,107.750824,318.971313,21.1964397
3.04320335,0.704470873,29.490171399999998,199.309799,157.10685700000002,175.099594,22.5487671
2.04126549,0.656375766,58.876339,121.747658,95.43710329999999,214.938812,21.8151112
1.36396682,0.394827902,42.0341377,307.63266,220.89657599999998,241.388321,23.378248199999998
2.5501368,0.618339121,17.643226600000002,193.807816,338.815552,64.5996933,21.230541199999998
2.56130338,0.6190548539999999,32.7227631,94.87355040000001,138.046921,101.947968,20.216814000000003
1.64217746,0.627429962,59.576499899999995,190.72166399999998,109.623108,159.48196399999998,21.8250027
2.24273562,0.7136159540000001,29.7458897,236.633148,348.54681400000004,117.86269399999999,22.8685875
2.14494777,0.8136843440000001,7.89549875,210.28169300000002,55.59436039999999,240.35131800000002,23.2381973
2.39468026,0.596593142,19.9663296,123.899643,252.72090099999997,244.327011,19.7654362
2.5541544,0.793197453,17.9827442,324.20480299999997,208.106079,346.49368300000003,22.4377689
2.4971652,0.676649928,6.95490503,341.00030499999997,175.704391,82.14100649999999,21.103319199999998
1.75316703,0.757409453,34.296257000000004,3.04153919,331.87606800000003,354.156586,23.373691600000004
2.49578953,0.7468364829999999,30.6438847,216.262558,312.010986,86.4943619,23.4866982
1.12187886,0.39818438899999997,8.05263519,359.149384,216.29303,84.91424559999999,23.3644371
2.15501738,0.702440143,32.7890244,169.287766,142.812378,96.1444016,19.8646736
1.28720307,0.43892175,32.7863274,166.566528,312.697968,46.6102791,22.9157696
2.74782729,0.869823635,50.029949200000004,184.639282,163.635818,60.47270970000001,23.4592075
1.48931384,0.7075034379999999,34.4148636,212.41247599999997,354.278381,32.7113304,23.4416008
1.80608988,0.43793031600000004,11.8225069,1.87466025,181.980515,16.9590721,20.197172199999997
2.05329037,0.8670187,6.85665894,245.114639,94.9296265,214.297958,22.302936600000002
1.86617088,0.546754599,38.2830963,215.17983999999998,309.55722000000003,313.325714,22.221391699999998
3.69209337,0.7570163609999999,25.029272100000004,78.14984890000001,343.388031,111.10041000000001,21.8278027
2.59242082,0.7991493340000001,65.3032303,162.62114,110.54354099999999,206.730301,23.3200741
2.19354725,0.567459404,9.40487862,59.2034645,21.353334399999998,117.154999,22.3495979
1.13732386,0.373364598,42.4615822,98.60887149999999,188.110077,44.2675438,22.914669
1.94503772,0.63136369,5.87612247,17.8466148,269.320068,233.623444,22.581991199999997
2.22233009,0.633862615,54.6840973,65.8648376,262.093506,287.34216299999997,23.491819399999997
1.70271301,0.414609849,51.5231323,101.36702700000001,122.629478,337.169037,23.4118156
2.42397976,0.682795048,9.409832,273.482513,44.3394775,213.96118199999998,23.3455677
1.54286027,0.40593367799999996,19.95121,36.1213951,143.963699,253.864639,23.482832000000002
1.82196224,0.466395259,15.4132242,163.50659199999998,278.736603,289.118317,22.297370899999997
1.61739218,0.604551077,7.47607803,49.0748672,73.48319240000001,79.0065689,23.372873300000002
2.10358047,0.90160507,16.2797413,249.06283599999998,20.4581852,166.367493,23.439514199999998
1.01436329,0.39249438,27.939912800000002,92.4503403,90.97718809999999,233.969864,22.1781101
2.39720726,0.6938114759999999,60.399765,167.046188,29.371069,34.95632929999999,22.7568359
2.65716386,0.646287322,8.43736458,225.080963,316.068481,266.42520099999996,22.739296
1.07005405,0.539271712,20.1014366,20.975174,286.010498,321.146332,22.7513866
1.8427496,0.523399711,17.2143135,237.74263,308.140228,196.075836,22.6104355
1.19822931,0.177885085,13.704020499999999,287.24755899999997,293.217468,293.037598,22.9271889
1.47702718,0.321939081,50.1890984,161.916519,62.7300453,3.55048299,22.553052899999997
1.82083201,0.636038005,78.86459350000001,126.364929,295.750458,83.70745090000001,20.4628677
1.25733256,0.37083774799999997,15.690419199999997,358.31543,182.155136,27.5876255,23.358036
2.05569625,0.602238238,6.48821211,322.76620499999996,285.171631,195.401291,19.0399857
1.99865854,0.819413543,26.8467007,349.446014,253.21582,321.437744,22.6565819
1.2786634,0.415940315,28.2332916,299.362457,120.69459499999999,56.891521499999996,22.486864100000002
2.03257203,0.5374303460000001,6.29965162,244.200333,344.821259,37.9056549,22.631429699999998
1.61811221,0.46137172,1.97699344,252.992157,132.010559,178.788071,23.315399199999998
2.42676783,0.593061566,19.149465600000003,105.85862,201.325516,292.241943,23.44557
0.94320941,0.301459283,7.61486673,1.60230875,3.65087271,333.389404,21.6147861
1.43232346,0.428379864,11.2489462,18.871883399999998,211.37272599999997,67.38792420000001,22.754247699999997
1.97634542,0.7935199140000001,33.0418015,64.717865,214.64421099999998,269.617004,23.2447109
1.1410532,0.757291913,33.028053299999996,130.708145,318.376831,139.48318500000002,23.1979733
1.78173232,0.743163586,12.9910097,211.80542000000003,354.740021,117.189301,22.589277300000003
1.76316166,0.7502174970000001,14.292728400000001,49.1944275,113.109779,228.54138199999997,22.0506229
2.16855669,0.6516892910000001,57.15903470000001,30.790998499999997,329.42202799999995,148.304916,23.4779282
2.84164929,0.645095825,68.0082397,344.003632,147.861526,276.369293,23.1854267
0.786006808,0.340092331,16.818689300000003,235.56906099999998,349.450195,186.56059299999998,23.0604076
2.15549397,0.55769968,3.68297935,171.464737,270.615387,266.81939700000004,23.1352863
2.20033407,0.61673063,21.4905338,23.2039623,139.158249,216.519028,18.130798300000002
1.53910613,0.495726049,21.286376999999998,206.30543500000002,137.717941,187.7099,22.32411
2.87590671,0.762710571,27.945184700000002,200.58059699999998,256.39495800000003,320.15451,20.8476086
1.57601571,0.395147085,22.0734997,247.69305400000002,323.260406,63.42304229999999,22.7980881
2.13823843,0.670666456,32.7418976,349.096466,327.559326,333.126465,23.3919392
2.02182317,0.733855367,7.87069082,192.793289,118.49878700000001,326.03225699999996,22.578413
1.91141176,0.5998165010000001,49.4329987,171.156326,337.96994,337.76663199999996,21.5641041
2.86586905,0.662621915,68.3376389,49.8849678,225.421509,110.378426,22.774314899999997
1.03808582,0.47674092700000004,43.911396,200.873367,307.562592,77.152626,23.340803100000002
1.88481498,0.515916526,3.61967373,244.093536,307.727173,283.574158,22.2476387
3.87824178,0.815973043,22.8921661,36.4753265,218.27368199999998,234.41539,23.2842522
2.76846218,0.650431216,28.683479300000002,269.47308300000003,6.14202261,72.8978806,23.2937603
1.12624073,0.14047373800000001,34.3357811,129.65121499999998,138.02465800000002,280.77392599999996,20.440538399999998
1.67725742,0.563643336,43.6939392,347.640289,80.53345490000001,11.0726204,20.4054832
1.3486594,0.502846301,32.5962448,322.703369,85.9051971,317.279388,21.8918552
2.34595466,0.614673376,3.73854446,97.0728073,112.59598500000001,245.86235,20.8269272
2.53262138,0.776670635,38.8701439,65.7138672,16.3286552,109.37096399999999,21.8145943
3.314574,0.769257188,53.7515488,210.80264300000002,176.545181,232.962646,21.2421398
1.17335188,0.31418752699999997,7.64276218,179.530197,270.204071,202.455856,22.8571014
1.01395953,0.283790499,55.8346748,285.454437,359.36328100000003,329.096802,22.4905605
2.63226795,0.702968597,61.68212510000001,192.998032,16.7488613,89.82142640000001,22.9211884
3.25456285,0.699312508,19.7497578,288.244965,25.8055973,208.663956,23.0191822
2.10549021,0.677740097,40.821048700000006,180.318405,143.302155,300.879303,23.114051800000002
2.38474488,0.639230669,57.940662399999994,274.65173300000004,32.241581,354.338593,23.3243027
1.10493529,0.32228893,63.528953599999994,16.7212448,121.286667,118.003891,22.329694699999997
1.53222239,0.48699161399999996,26.0738258,212.29713399999997,254.40184,55.48041920000001,23.151144
1.50621557,0.37153402,12.179635000000001,174.344818,46.573619799999996,342.268311,23.1773167
1.42372239,0.46589741100000004,35.3789253,217.97865299999998,330.40191699999997,187.397781,22.9484158
2.18239903,0.7082465290000001,66.4897156,106.013428,115.974396,340.457428,23.2518787
2.41593599,0.729766548,36.283805799999996,320.270752,260.74017299999997,35.6422234,22.2755451
1.80956185,0.6465637089999999,17.8052883,63.933521299999995,319.335205,168.462646,22.7790012
0.72271502,0.658647954,9.19093895,223.36651600000002,226.66285699999997,41.4399376,23.034927399999997
0.826952934,0.449697316,17.1206913,302.426575,113.53598000000001,356.90457200000003,21.5697651
1.87856793,0.473291099,51.175628700000004,139.36949199999998,292.936981,90.6269913,17.715902300000003
1.33320212,0.25206005600000003,8.76095295,344.875671,300.171783,254.918427,21.3220329
2.49241161,0.801383495,22.3575935,23.529260600000004,13.9881277,106.20381200000001,22.622068399999996
2.21628571,0.8570917840000001,31.720275899999997,86.498024,293.842773,37.8531342,22.1672668
1.6243943,0.411566734,37.9327545,213.749298,214.659927,68.0839462,23.356693300000003
2.09477806,0.548277676,50.628524799999994,265.283112,303.656281,134.650711,20.1480484
1.31693697,0.9168439509999999,36.959968599999996,188.953506,237.85572799999997,90.8173599,18.062587699999998
2.53735423,0.74509728,75.83309940000001,212.24231,277.227661,217.95301800000001,22.6815529
1.90558493,0.638554215,13.7728605,130.290863,16.6721611,97.96109770000001,23.2897301
1.53160083,0.551220953,38.1012192,267.166199,189.733093,203.60762,23.391981100000002
1.98147535,0.74503237,11.7911406,11.7826004,283.8573,224.573883,21.8781071
2.3790772,0.5847477320000001,24.4806843,191.10199,283.465393,113.134964,23.1645298
2.58701539,0.7124709490000001,54.6278572,332.11676,138.676834,353.474091,19.8955402
2.02558017,0.670449018,43.241313899999994,357.966125,305.699707,134.016037,23.3476124
1.70983028,0.76675427,28.3453712,256.198456,7.26516008,253.072754,22.886499399999998
2.00810242,0.606148481,63.8341446,220.971649,214.79814100000002,87.65939329999999,22.2676277
2.51602554,0.672076583,8.41003036,77.5891647,126.25019099999999,298.64035,21.2911053
2.26816535,0.938583851,18.306591,178.927185,1.51228309,279.30215499999997,22.9992924
1.65025115,0.42911815600000003,57.8249588,283.362946,269.384033,73.8712234,20.005830800000002
1.99545705,0.500211835,26.0567265,211.9673,164.751175,165.741547,23.022811899999997
2.21636915,0.6664419770000001,27.162542300000002,124.070305,132.103806,334.080658,20.083736399999996
2.16099596,0.563435555,19.8688736,107.691124,77.68937679999999,189.605209,21.7502689
1.90913713,0.805906355,62.30069350000001,250.75939900000003,119.93053400000001,83.2781677,23.0520763
0.7657809259999999,0.46363246399999997,27.4617157,310.738678,230.86877400000003,311.569153,23.1866779
2.67101288,0.639766872,15.145895999999999,283.581268,253.938019,318.44201699999996,20.4165611
2.35538769,0.866695523,24.0858479,124.82920800000001,186.45114099999998,109.465202,22.610487
1.91064596,0.663865209,27.2891674,282.144287,38.422107700000005,82.8229523,22.800048800000003
2.52384806,0.676520467,36.724838299999995,98.42935940000001,315.973297,201.05645800000002,21.039333300000003
2.4353261,0.7812358140000001,13.080688499999999,50.962390899999995,233.93431099999998,275.811401,22.687833800000003
2.84250593,0.7331672909999999,9.37028885,145.046799,84.11218259999998,174.76709,20.715120300000002
1.24296141,0.919059217,8.55957985,102.750534,19.1641369,134.27555800000002,23.3880329
0.6977521179999999,0.447273046,17.076135600000004,60.162246700000004,331.870148,236.118744,23.28022
1.83549976,0.6977621909999999,23.2309475,71.9075775,118.360352,76.21067049999999,19.320037799999998
1.44708824,0.351730764,13.911654500000001,247.638138,303.400818,124.30154399999999,23.452404
1.20154536,0.33111557399999997,28.0425892,243.88542200000003,314.965485,199.539703,23.2069511
1.9128046,0.78028214,8.57407761,86.3654251,136.413406,357.43591299999997,23.3463573
1.8249445,0.603744626,51.4117508,11.556823699999999,150.114838,135.837997,23.0115108
2.31567883,0.596638024,5.75571775,202.54321299999998,196.437103,50.972465500000006,21.5617771
1.23901927,0.21227270399999998,32.4789772,131.268372,309.32608,136.58836399999998,17.963933899999997
1.09889507,0.19068694100000003,11.9971676,309.071106,109.628723,247.42408799999998,23.186901100000004
2.26650667,0.643006325,19.157423,341.99765,289.561615,43.408023799999995,22.556110399999998
2.45235705,0.819007933,39.748901399999994,172.332047,340.0224,291.724091,22.5338364
1.21989679,0.36669632799999996,18.258577300000002,164.152695,278.002716,96.682785,22.392633399999998
2.03565502,0.794933856,17.2488098,127.416855,116.038551,249.03620899999999,23.102869000000002
1.57741201,0.618313551,35.5212479,98.0644989,72.44191740000001,308.415802,22.125860199999998
1.00232208,0.025526737799999998,17.6769638,341.13568100000003,269.493408,351.779938,20.1119499
1.75229728,0.9214120509999999,23.5319958,273.724823,128.50413500000002,322.678558,23.475633600000002
1.85783148,0.5547362570000001,9.56766224,186.83178700000002,196.251358,299.110077,19.8584995
2.61065888,0.785421193,73.1394806,36.5673714,217.03826899999999,116.76500700000001,21.6226768
2.00219536,0.60056603,4.84777021,50.0519829,131.465408,345.741486,23.4797554
1.07414353,0.540166795,16.5727386,247.85675,228.573029,313.11010699999997,22.268796899999998
2.01594996,0.651830375,11.0910311,53.514888799999994,320.538025,204.616119,21.653278399999998
1.43909264,0.47589343799999995,29.991979600000004,336.024902,216.977386,217.42511000000002,22.3484688
2.32543397,0.671157122,18.421093,161.654572,208.677795,40.6377182,23.4827709
2.47241354,0.605782449,12.5364151,300.604462,84.28538509999998,186.283615,22.610364899999997
2.2574656,0.866382003,13.569562,252.45078999999998,29.589807500000003,198.80874599999999,20.4224281
1.63241971,0.531992555,7.42581463,59.704246499999996,327.199402,211.05258199999997,23.4011002
1.18695283,0.273563325,25.833997699999998,13.661584900000001,232.421371,43.5255585,21.531166100000004
1.55721927,0.40866071,41.4487572,291.497864,356.81588700000003,295.913971,23.2392902
2.56096697,0.8397972579999999,26.819868100000004,227.63356000000002,189.735733,201.635422,22.701265300000003
1.54707718,0.543182194,49.5227051,287.824829,124.23485600000001,329.980865,23.2566853
2.49262118,0.596206307,29.1448174,47.911525700000006,101.330925,229.81909199999998,23.3860588
1.16723204,0.540691137,31.9959316,307.079041,265.51403799999997,113.81662800000001,23.1220207
1.59786916,0.567765176,10.493679,325.12005600000003,312.631073,355.054779,22.1293144
1.85245478,0.509262025,49.611621899999996,269.07128900000004,107.65855400000001,77.17457579999999,22.856958399999996
1.20003855,0.6105994579999999,42.719894399999994,135.91726699999998,347.441803,87.5687561,21.7301197
1.56073725,0.930058658,36.299896200000006,319.189575,212.77011099999999,131.441666,23.2955704
1.37129259,0.271576822,20.6617146,267.321259,15.1498356,307.007538,21.4305344
2.0303452,0.522531569,7.64056778,220.341965,317.075287,181.85965,23.00354
2.50438404,0.8644964690000001,14.1353054,46.872665399999995,160.28808600000002,20.1342487,22.8770924
1.11110878,0.0889775977,66.6075897,275.96109,169.173813,267.80712900000003,22.283502600000002
0.828599691,0.189207047,8.79222679,172.330566,117.20443,63.6205711,21.6387634
1.59374881,0.42455795399999996,11.5671387,330.309509,109.520416,96.1194305,23.012889899999998
1.66646886,0.677221417,11.868509300000001,341.792877,48.3268509,316.131378,22.4487629
2.33265901,0.805708945,13.5082016,230.187225,89.8827515,78.647583,23.472646700000002
2.17529464,0.678191543,7.87444782,136.02616899999998,186.127304,359.443665,23.4714108
1.86883962,0.6280623670000001,12.466057800000002,195.851517,1.85903907,123.723724,21.5774975
1.06151724,0.486426026,67.05297850000001,222.640656,100.821999,36.2106056,22.3227806
2.1089766,0.640054882,15.2350016,211.03230299999998,343.474579,324.508514,23.2466698
1.10641885,0.28107821899999996,41.159053799999995,268.78024300000004,347.68899500000003,56.674442299999995,23.4806957
1.78527582,0.436512709,17.372600600000002,258.058899,31.376331300000004,203.63806200000002,22.8554211
2.43561268,0.6002826689999999,27.941919300000002,354.882202,72.0524368,20.1318245,23.1534805
1.56492734,0.853697598,17.2952633,11.030326800000001,271.469666,3.27440858,23.0206032
2.29741311,0.592520237,14.238321300000003,6.46319008,244.506454,318.079041,23.018611899999996
1.76271236,0.540072739,51.1434937,209.055267,43.7308006,227.92501800000002,23.0704288
2.05147219,0.640382946,10.1930828,88.1133118,359.14685099999997,235.415451,23.2345657
2.47175097,0.6740522379999999,58.484863299999994,163.774048,263.244659,59.3677444,23.2153225
1.39256179,0.82405436,35.9746094,218.00611899999998,45.31903079999999,229.326813,22.456058499999997
2.63051891,0.804168165,30.458461800000002,195.998962,276.522156,9.60303783,23.210537
1.14214349,0.125907168,28.3891354,237.969208,353.11669900000004,72.6533585,22.6500187
2.40356827,0.689089775,51.8882751,160.803024,218.956131,190.60591100000002,23.1395741
1.28363276,0.5951755639999999,8.02343464,231.98756400000002,330.34137000000004,286.213104,22.5387211
1.38111115,0.486776531,19.5722275,86.2946014,198.636368,178.90448,23.2697525
2.23341632,0.759500802,38.674099,291.04586800000004,176.276718,17.5214767,19.3362865
2.39933586,0.615801096,18.3069725,94.5838394,217.339859,218.17443799999998,23.1916428
1.35006666,0.93638283,47.191570299999995,176.882004,271.14840699999996,191.579971,22.4155178
1.86559641,0.476809472,11.981374699999998,22.184249899999998,259.426666,218.88472000000002,23.2765026
1.60818064,0.47672107799999996,49.2360382,38.664108299999995,98.54618070000001,91.21751400000001,23.001052899999998
2.30133319,0.6119965310000001,73.0858307,40.5975075,232.69717400000002,133.25618,23.1322575
0.944624603,0.36961877299999996,1.11010826,32.6460342,214.64331099999998,98.4336929,22.940765399999997
1.24946737,0.41354301600000004,39.0887375,247.96846000000002,22.821735399999998,289.580261,22.858015100000003
2.00571346,0.605860054,47.5971527,192.074921,322.91598500000003,182.679779,19.582515700000002
1.99111521,0.7152770759999999,17.813446,344.478241,260.64025899999996,319.783356,23.418603899999997
0.978895307,0.5474934579999999,47.5759811,133.496277,308.67868,38.2085724,23.0184937
2.29669642,0.6588760610000001,32.3836594,233.84317000000001,158.540878,51.472309100000004,23.1987667
2.61631918,0.949537337,32.9614677,38.8640289,246.108246,222.57598900000002,23.3846531
2.63135219,0.8984004859999999,30.9799347,186.182877,273.362488,227.98950200000002,23.4953938
2.26414919,0.737539589,65.7051544,83.4575653,263.97454799999997,173.791733,23.3529797
0.990778446,0.193219453,9.68446445,26.5845966,69.5225372,61.737907400000005,23.141630199999998
1.18569255,0.55808413,16.3523216,141.170059,167.198883,27.391307799999996,18.186788600000003
2.10662365,0.60648942,14.0031166,103.438362,18.3495178,261.744904,20.6643658
2.63106894,0.751268327,66.31251529999999,347.70837400000005,186.3535,286.912537,22.8478336
2.11994219,0.5798674229999999,8.06486225,152.41343700000002,209.20036299999998,248.186066,22.7662029
2.71429777,0.781997979,47.43275070000001,221.51234399999998,20.535572100000003,50.1847,23.0914211
2.40475035,0.903042734,4.53408098,212.923294,261.96826200000004,151.216736,22.390214899999997
2.48476768,0.7348967190000001,48.7262154,193.60235600000001,265.275543,224.68042000000003,23.4200954
2.91570592,0.7637925740000001,100.464363,235.130142,301.66351299999997,345.295959,21.8304081
1.55085635,0.655965745,14.946686699999999,24.8913498,9.1394558,37.812828100000004,23.1810265
2.0335331,0.644831419,33.3534966,65.08458710000001,35.8893509,251.90126,22.9136772
2.51775742,0.8744657640000001,57.2161064,152.051636,183.467834,35.3500786,23.236524600000003
1.16415548,0.390740395,38.947097799999995,11.9426746,266.974915,256.283142,22.7233849
1.21407712,0.326978832,26.972251899999996,109.32118999999999,279.332611,181.12799099999998,23.2615147
2.24737406,0.7197476629999999,12.3226519,85.5399017,133.019363,115.09432199999999,20.1465588
2.5675571,0.769332945,40.1185074,57.9707985,151.05777,326.123199,22.08535
3.07242942,0.726831853,50.7289619,184.38871799999998,229.96864300000001,226.513626,22.8929577
1.4299202,0.766833007,38.812423700000004,229.820816,109.156067,206.636642,22.6833153
1.53417742,0.510965526,38.6332664,186.21975700000002,292.519348,216.762665,22.9997234
1.55605996,0.5578335520000001,49.9582405,187.685333,17.2921371,247.144592,22.530529
2.74750423,0.896858096,4.90775681,33.7592392,47.5250626,320.510559,21.8885174
1.56681418,0.641056895,75.5390854,205.170486,11.2179852,278.470795,23.050058399999998
1.51396632,0.519986272,61.2603264,202.786591,166.48455800000002,324.794312,23.2561455
2.55613136,0.7766194940000001,56.7329826,181.55835,279.778564,217.95921299999998,20.1350861
1.16254175,0.452828467,65.8527832,203.300995,241.295456,219.34880099999998,21.558672
2.19547224,0.8088876009999999,22.0959282,172.46376,326.268463,254.826538,22.839942899999997
1.77955711,0.600816071,14.833012599999998,32.9774818,96.9361725,96.5213318,23.432485600000003
1.22732222,0.45939463399999997,31.970022200000002,198.48085,167.78405800000002,123.014648,23.2384872
1.3032304,0.718847275,8.64984703,224.333038,294.64846800000004,38.99880220000001,22.8516102
2.41631222,0.5811977979999999,26.373418800000003,176.099167,153.482803,249.09132400000001,19.888673800000003
1.36462569,0.518699288,35.3298531,162.237411,251.14537,130.383713,23.3428154
2.47320294,0.627524912,11.1038961,155.780807,162.162521,205.469635,23.3365688
2.72935534,0.6801123020000001,70.68914790000001,339.850891,117.613022,76.62406159999999,22.9381638
2.44880915,0.603660226,74.3817902,201.76001000000002,57.13439939999999,217.061188,21.507690399999998
2.54259515,0.675119221,40.825973499999996,16.3163815,145.601257,219.173416,23.248077399999996
1.72063863,0.5746841429999999,18.4265671,240.779266,151.512192,16.6829758,23.306943899999997
1.10552216,0.167777941,7.14774132,246.08813500000002,36.8857613,217.958954,21.410711300000003
2.52006531,0.705759943,26.4205055,66.8572769,171.457825,219.89044199999998,23.314048800000002
1.45878375,0.49208954,9.0587368,148.18991100000002,141.099594,97.6637497,22.3550014
2.34493876,0.838149548,9.22367287,258.859192,332.43823199999997,293.51547200000005,22.432909
1.74499619,0.53903681,51.3083153,155.753174,131.849197,105.088974,21.231266
1.31885457,0.300031155,17.925777399999998,272.842773,14.3746014,21.2403908,22.8860474
1.42152095,0.647017837,49.334873200000004,335.48098799999997,131.527603,216.408661,23.414238
1.64086151,0.678112328,21.0953865,275.561676,104.46759,127.854401,22.9778767
0.9050807359999999,0.19327548100000003,23.957168600000003,186.302795,232.362732,337.84024,21.685470600000002
1.97244668,0.74092871,36.0745621,123.43586699999999,25.7814255,40.7468109,22.4781952
2.72965813,0.666250169,10.138909300000002,52.6442299,107.63908400000001,320.195648,22.7866402
1.95740211,0.666690886,1.11431837,46.980831099999996,136.79350300000002,228.59442099999998,23.0205822
2.79839468,0.69398123,69.71298979999999,214.852798,203.15638700000002,280.09314,21.1498985
3.50792408,0.893967748,58.5495071,51.7655182,73.0960007,214.47612,22.5547237
1.8699007,0.537222862,7.83621645,330.939606,122.611671,104.473488,23.394185999999998
2.44674706,0.769002438,34.314743,65.1125412,94.1837234,164.818558,23.048187300000002
1.32809973,0.582106352,74.8074722,82.4911041,255.68963599999998,314.339478,18.9006443
1.27525699,0.281836659,30.6338272,312.679016,17.4235229,39.2651901,20.8761749
2.04815722,0.8288367990000001,12.9837017,296.033936,226.940079,294.287811,22.2800198
2.30134678,0.626945674,12.414547,31.7130337,32.9694328,283.81192000000004,20.6950703
2.38556337,0.6931849720000001,67.71150970000001,126.88924399999999,87.3074493,12.7669067,22.5813274
2.55927491,0.631364942,30.191806800000002,103.148926,195.87291000000002,135.419159,23.2874355
2.41586518,0.864761055,47.5070381,323.53231800000003,30.4769974,57.5031586,23.1220608
1.84796214,0.590626419,73.8355865,228.75448599999999,152.847763,329.691803,22.8936691
1.11352384,0.518490255,30.6404037,57.9755287,282.965851,240.756943,23.266475699999997
2.19684744,0.6473863120000001,58.7968063,51.1398544,336.493713,307.674652,23.3587818
2.32013893,0.725950718,15.9881163,199.71817,110.262428,348.854767,23.387203200000002
1.63624012,0.665248692,4.03383636,305.848022,132.511902,189.030304,21.500246
1.86207438,0.616544902,12.9662228,3.64234328,130.022293,229.30442799999997,23.061079
2.54690409,0.742962837,30.306568100000003,291.748596,228.839447,90.09336850000001,21.7184715
1.79321671,0.544257343,7.00654793,359.46542400000004,155.538055,56.323955500000004,22.75667
2.63363624,0.813385963,34.2397919,183.61541699999998,352.735413,93.9471512,23.0403595
3.2139864,0.8909025190000001,24.8520527,333.16745,107.01455700000001,179.848236,20.9046879
1.87786663,0.652152359,51.4789543,280.232056,78.119873,325.951324,21.1068001
0.718345523,0.694187164,34.332710299999995,299.245789,34.565616600000006,121.684921,22.701211899999997
1.5746541,0.538331926,43.112335200000004,35.265728,148.545471,59.1835098,22.8950958
3.23533034,0.7665168640000001,18.563175199999996,306.902588,161.698685,108.406677,22.9250889
1.94155681,0.708689213,19.8128395,180.102341,233.12397799999997,355.865875,22.8602219
0.921835005,0.276383102,35.758728000000005,357.913483,336.807648,53.38776020000001,21.0062561
1.65913033,0.510598004,8.53213215,244.01644900000002,32.214832300000005,297.099182,23.396408100000002
2.12988949,0.590146363,13.620266899999999,199.712524,71.30058290000001,110.35112,23.3078823
1.38133001,0.678824306,51.3840866,117.70993,298.99920699999996,125.663597,23.322868300000003
1.66979396,0.520542324,14.1730804,27.031419800000002,30.4228172,351.415802,22.8142052
1.91401744,0.541567028,38.8191414,120.369469,316.400543,64.03415679999999,22.515857699999998
1.04761744,0.466456145,48.2726326,313.063477,301.340515,242.37892200000002,23.3200016
3.28760338,0.860628843,43.0298004,265.034088,292.507812,306.901764,22.091863600000003
1.34372663,0.41099748,55.493671400000004,3.64961743,238.566376,120.423698,23.143108399999996
1.48930514,0.671529651,48.0551071,74.0354309,267.527466,170.285278,17.322580300000002
2.84545541,0.724829197,11.2065067,336.556213,293.64889500000004,148.999451,22.984350199999998
1.70739889,0.9580301640000001,46.6990471,231.307663,331.63241600000003,115.455894,23.3327484
1.98579741,0.497417629,54.3462029,177.270599,222.104645,250.14007599999997,21.535572100000003
0.912175,0.453245729,19.9461479,251.17938199999998,49.0652542,165.27830500000002,21.5417118
1.27148676,0.625952601,36.4715195,287.792725,62.3585587,46.118911700000005,23.2177773
1.13067508,0.479095906,17.9084702,110.305649,32.6738777,194.021164,23.219421399999998
2.09757614,0.544490218,6.92340326,339.19528199999996,252.839706,223.664078,23.0045567
2.12281156,0.630687058,21.734399800000002,298.514343,236.18045,344.222321,22.2547569
1.41234481,0.447292089,42.307784999999996,207.762421,202.271042,148.19252,23.346015899999998
3.46451545,0.8267543909999999,34.6273537,333.34249900000003,188.30958600000002,231.95877099999998,22.828584699999997
1.82034731,0.628284454,67.20278929999999,10.4351768,282.235413,89.6479874,22.6385593
1.05834258,0.7846765520000001,18.3386383,124.98674799999999,105.59443700000001,358.108856,23.1358185
1.33030343,0.307324946,35.9293213,120.80918899999999,64.5258026,208.094177,21.922832500000002
2.34307694,0.73306042,33.5694084,154.532455,20.5387897,353.329895,23.3080444
2.76378679,0.668797553,13.8522434,178.080002,79.4742813,237.762573,23.2126541
2.54226112,0.6980265379999999,23.677709600000004,303.190369,236.03311200000002,33.4385223,22.6018047
3.01640987,0.779420197,39.2318153,200.305222,335.315918,256.990082,23.208593399999998
1.66219592,0.434179455,6.85558367,90.3715744,169.65031399999998,205.413864,23.2300682
2.0939889,0.534344137,57.75621410000001,319.021759,5.66640282,280.902435,21.924385100000002
2.11934114,0.548399031,29.3680782,227.38258399999998,308.959198,132.01178000000002,22.783592199999998
1.22986519,0.49042084799999996,37.3401375,191.68576000000002,279.87695299999996,154.035492,23.2626953
1.85350657,0.556701541,32.794418300000004,298.487885,211.151367,325.159363,22.9554768
2.26137948,0.5628735420000001,32.5816498,310.92514,353.991333,197.394897,23.0881157
2.54762459,0.8871518970000001,10.723894099999999,132.311035,23.6065407,59.6100464,23.019540799999998
1.7023685,0.565750182,15.6112661,132.982559,242.98877000000002,264.88031,23.0815067
3.32311869,0.7110564109999999,14.278495800000002,174.37915,329.791138,325.217896,20.3294201
1.61663854,0.40488895799999997,19.374034899999998,158.873184,358.41891499999997,163.132401,22.8157539
2.89712381,0.66733253,8.16827679,133.530762,55.227626799999996,22.887353899999997,23.454276999999998
1.92875278,0.616328776,2.32925391,119.999245,257.809509,62.508461,23.092968
1.28137243,0.677707672,74.5464478,247.475662,122.22761499999999,165.97479199999998,23.4066906
1.2605139,0.199126109,30.881742499999998,20.5393581,332.514648,244.657806,21.9775639
1.82780516,0.8098363279999999,48.0689354,147.92661999999999,311.441742,230.455002,21.5630322
2.35347176,0.633964896,14.4217863,267.690063,166.220947,252.00614900000002,22.27104
3.81497836,0.8508417009999999,13.4977884,268.651123,69.72015379999999,9.20332432,19.511135100000004
2.60233831,0.650710046,21.2574692,72.85393520000001,298.828125,133.002396,22.8391953
1.16776574,0.899370551,29.9984035,203.632217,144.685684,191.045502,22.293098399999998
0.876681805,0.394192964,18.0562687,48.156498,160.090561,166.473724,23.4105644
1.60612357,0.542428195,22.210048699999998,32.8655472,80.9489594,87.574791,22.756073
2.59852934,0.644682944,30.9683418,226.436279,262.744446,290.803558,23.0024948
1.19497967,0.620711207,43.3187828,103.04459399999999,329.196838,279.23172,22.0452538
1.78196251,0.492805809,17.6495876,177.81106599999998,340.780151,153.349152,23.1356792
1.34759486,0.672122598,34.3168297,78.7570801,351.605804,116.910294,22.0305195
2.58933997,0.680167675,78.44787600000001,299.418518,133.027893,286.50872799999996,22.129337300000003
2.147964,0.5376124379999999,59.57680129999999,225.12291000000002,337.477661,107.43994099999999,23.291647
2.98272061,0.892008424,51.142864200000005,298.25338700000003,163.583832,158.165024,19.499311399999996
0.68842113,0.6453057529999999,59.79867170000001,79.9745712,208.751312,306.665802,19.759563399999998
1.74335945,0.467689455,41.3886375,339.046265,166.404465,219.218811,23.187727
1.32129812,0.283741206,7.41345644,241.248962,140.743332,153.406754,21.174442300000003
1.97489798,0.639688313,74.8714066,267.65750099999997,297.807709,167.458328,23.1949844
2.90370989,0.752991498,20.4765701,107.446281,193.704453,112.98589299999999,23.377883899999997
2.45537162,0.5884380339999999,41.70821,34.8302002,137.782471,260.637421,22.370910600000002
1.71876991,0.632818699,10.6945734,269.540741,160.574356,42.226326,21.0683517
2.09173799,0.669369161,16.3566093,72.69240570000001,14.086414300000001,146.584625,21.0972328
2.39134002,0.620130002,3.91871285,319.105499,152.740204,279.149292,22.1590939
3.62274528,0.87041235,57.4381828,72.79859920000001,91.1379318,285.835571,22.903307
1.96970379,0.543805718,22.858911499999998,304.047729,132.774521,13.845530499999999,20.9307117
2.29562712,0.6850476259999999,13.188158,162.111023,37.3225861,298.009796,23.309640899999998
1.75094223,0.570640504,31.883865399999998,97.4426498,273.107025,34.431579600000006,22.0558796
2.8769424,0.8259691,21.681434600000003,358.41555800000003,290.17526200000003,150.901703,22.916988399999997
1.50358927,0.385155499,18.0685158,224.800446,173.26043700000002,302.560333,23.226038
1.22106588,0.495756388,28.4295692,195.207977,262.56201200000004,241.46324199999998,21.4175339
2.02871776,0.5027584429999999,5.64072084,314.463776,350.881378,20.0072937,23.1393795
1.14071798,0.660593092,44.2216454,326.70300299999997,92.1811829,200.855301,22.2860622
0.9891417029999999,0.41735971,43.2686768,340.230072,256.394348,245.062469,22.1330032
2.55612445,0.626345515,11.7577477,264.14889500000004,79.80910490000001,169.840576,23.4753361
2.17205095,0.7509329920000001,21.8710785,89.2339401,30.172845799999997,139.209122,22.9508419
2.33850932,0.7943393590000001,15.6173878,316.02209500000004,300.80365,241.844116,22.3233185
1.08479941,0.744986892,56.48881529999999,202.776367,332.304504,337.467987,22.389999399999997
1.6778816,0.7142823340000001,31.139070500000003,336.68814100000003,105.41461899999999,272.692169,21.9804096
2.31319714,0.7411823270000001,17.552146899999997,343.31796299999996,150.540695,159.528671,23.439536999999998
1.84561694,0.619055212,7.77339029,43.0969925,113.622475,235.835602,21.6126652
2.33750057,0.607809544,107.358131,41.3932762,59.087123899999995,180.481552,23.0036907
2.49037743,0.659623444,28.643571899999998,228.12767000000002,114.89123500000001,67.08858489999999,22.688404100000003
1.50794578,0.499555469,9.22675323,141.842529,346.942596,290.08648700000003,23.3494034
1.25189245,0.40601036,56.607151,117.984825,4.51193714,5.43403721,22.776433899999997
2.32397366,0.886906803,57.9704361,105.014626,139.3237,212.805679,21.6025982
1.20450747,0.55976963,44.7438393,142.166519,75.79316709999999,74.8809052,23.253780399999997
2.49823189,0.7118566040000001,9.68287468,210.15565499999997,234.030975,291.36096200000003,20.566064800000003
1.14100409,0.522574604,41.0171394,12.938075099999999,19.1393318,278.95300299999997,19.748924300000002
2.0627737,0.612390161,5.39476538,325.951263,3.56820703,319.31265299999995,22.221887600000002
1.13133252,0.47960379700000005,47.5989838,302.262939,39.98883060000001,302.04657000000003,22.5240917
1.57862067,0.531889439,9.90773392,344.928131,243.36918599999998,208.746323,20.3128986
2.56537604,0.656272054,32.8163643,249.81854199999998,10.2669382,179.154083,23.1638565
2.21446157,0.65321672,8.82334805,218.61117599999997,32.468708,29.1343803,23.4689026
1.91242266,0.472154886,11.8210325,307.802368,346.55957,109.635147,21.9666939
2.21766782,0.756515563,43.0645065,193.792374,274.325226,333.160248,21.912794100000003
1.70209348,0.442987412,19.4098473,322.95837400000005,51.086277,211.28216600000002,23.012476
2.33969116,0.779937088,17.9731808,74.6675568,346.290619,326.190002,21.798938800000002
2.10083866,0.529864848,24.2508698,261.88388100000003,276.228119,298.152374,22.7905235
1.9450736,0.794200778,58.2914047,230.19650299999998,227.855377,183.712646,23.0743732
4.14504528,0.7831467990000001,26.975338,129.667496,149.99233999999998,93.6599121,23.2809505
1.38650393,0.615183115,41.6158333,246.538605,20.1053562,261.297913,19.7002811
1.30594468,0.722484708,40.2402,130.648926,98.817894,98.5846405,23.3693504
2.36152983,0.7480647559999999,59.736328099999994,264.942657,236.770508,3.1201601,22.8425255
1.07264054,0.326732725,19.6646919,306.79788199999996,179.65420500000002,149.664932,23.323350899999998
1.66616833,0.429945022,11.507132499999999,248.76086400000003,23.1079388,200.852173,22.72575
0.783209085,0.457222015,58.4915657,35.7670441,350.479584,340.92688,21.021553
1.7175802,0.415060699,28.4384689,307.435516,94.91782380000001,172.126938,23.0271301
1.61214006,0.43021649100000003,35.358963,280.402954,102.574341,36.9997864,23.299137100000003
3.55502152,0.7789085509999999,14.3659821,5.78602886,350.416199,243.433258,23.0062866
2.60863328,0.679259121,108.90873700000002,18.493166,164.600616,43.8773041,23.4279957
2.61231756,0.627655804,16.6524792,299.365326,240.33662400000003,164.4048,22.8105335
1.45675755,0.67152977,28.193889600000002,291.467194,19.250760999999997,15.4439125,23.485162699999997
2.33983135,0.5942866210000001,19.499843600000002,43.0692711,98.1362,13.106411,22.329431500000002
2.35454988,0.656549811,10.8996487,190.165009,204.849579,176.397385,21.3800983
1.17240548,0.296501428,19.5919113,140.005234,23.348093,244.79426600000002,23.3474445
1.2731117,0.658418238,26.919273399999998,301.253296,215.856857,241.87056,21.855423000000002
2.64363456,0.621615469,25.462078100000003,105.23761,191.831207,224.775452,22.7076073
1.34948051,0.511648118,2.25998974,112.408409,115.377701,75.0974655,19.955671300000002
2.05340242,0.7627181409999999,5.16851997,88.5885468,1.69423342,247.28010600000002,23.4815254
1.20087481,0.388953686,49.9873924,205.21580500000002,323.133545,221.96919300000002,21.910141
1.79149818,0.77397871,28.886505100000004,185.297394,260.642517,283.388031,22.972793600000003
2.62102556,0.621853411,12.9008484,196.786575,249.22935499999997,147.614975,23.124239000000003
1.77515137,0.546270609,36.7971535,346.542236,286.324677,165.04083300000002,22.4683723
1.48457539,0.39602881700000003,39.4609489,193.647003,357.199249,263.62515299999995,23.366535199999998
1.63378525,0.399048567,31.1342392,117.258568,112.63131000000001,142.251877,23.4826679
1.56119764,0.58832866,43.2542114,195.905914,51.1028519,219.241348,23.4153957
2.43736982,0.7703056340000001,22.1073875,232.901962,193.43364,272.548248,22.098302800000003
1.46924853,0.68432796,31.5248814,128.325882,72.45454409999999,249.05934100000002,23.1503048
1.60648036,0.6673062439999999,10.912991499999999,238.568604,254.414352,6.67264938,22.2192974
1.46199095,0.708715677,3.70946813,178.067352,64.2539062,0.33126354199999997,20.6244125
1.82889354,0.658693314,53.25886920000001,161.159607,29.2790585,2.1366477,22.865871399999996
2.08153176,0.8770656590000001,0.745975852,332.61953700000004,54.2998085,286.648438,20.4825745
2.82550573,0.688186944,72.4231033,345.3992,16.4895229,178.37463400000001,21.1137295
2.10367417,0.581259131,7.25648594,38.868450200000005,98.6917267,300.331421,22.701992
2.46682119,0.84206301,65.4677124,277.002716,285.158356,343.670929,22.4407215
2.3334353,0.625073373,6.9060092,304.848053,340.154205,16.0288696,22.3173313
2.24431586,0.586128891,8.83292294,72.0130005,239.47593700000002,239.19642599999997,20.751546899999997
1.28314984,0.655261517,23.923826199999997,142.511032,31.1623344,73.7085953,21.7483807
1.49061227,0.638728917,44.1364517,245.62324500000003,15.606529199999999,261.544891,22.97155
1.04162276,0.7920987009999999,17.8801346,118.84706899999999,284.676666,356.84808300000003,21.479106899999998
2.32403517,0.672301412,5.44027996,166.692947,358.26171899999997,12.0944557,22.4307919
2.38702393,0.6968425509999999,21.5864353,291.028229,22.559009600000003,47.1544456,19.852264399999996
1.54733527,0.43845078299999996,12.6394291,78.45130920000001,208.231918,348.954926,23.216978100000002
1.52960527,0.419042349,29.6003304,102.265343,69.7717438,47.486118299999994,21.160903899999997
1.24020362,0.418670893,15.528499599999998,15.391964000000002,237.629791,174.21611000000001,20.125221300000003
2.65472984,0.958517194,66.08662410000001,285.576019,232.44816600000001,252.057816,23.0330677
0.7496550679999999,0.549867868,23.8093891,114.949959,126.466774,241.225143,23.4478397
2.21622014,0.671329975,12.647007,106.34172099999999,16.8376522,75.1178055,19.9495983
1.30978084,0.6907555459999999,23.9554596,127.54576899999999,119.034782,355.63235499999996,21.6025887
2.3592267,0.589884341,25.4796295,105.621536,68.44094090000002,111.384956,21.4758949
2.46241975,0.6220431329999999,5.91918278,306.391724,173.038971,166.153992,22.7462978
1.90240252,0.603756905,10.6173754,296.676239,227.172516,120.661354,22.676723499999998
1.57741117,0.6751492020000001,22.7025452,11.3195124,12.7801685,172.10249299999998,22.8768024
1.58592904,0.5392319560000001,29.832885700000002,356.14230299999997,51.3202286,347.836517,19.336406699999998
1.53142881,0.584265947,22.5812111,336.919891,97.34375,242.84555099999997,23.2367363
1.90708876,0.52650255,82.4235001,134.912994,353.270081,199.08561699999998,23.469499600000002
2.2673676,0.640525758,43.1595078,187.47311399999998,317.067596,190.087128,21.677679100000002
2.42347503,0.585829794,11.823149699999998,137.845535,55.3613739,68.4123077,22.885313
1.9142859,0.7589625720000001,14.2132883,309.54348799999997,322.73278799999997,26.1597557,20.0659885
2.09584022,0.685484767,50.963069899999994,63.6754684,138.46991,208.359848,20.8556786
1.40781724,0.44681891799999995,28.604267100000005,323.03564500000005,237.292877,67.78519440000001,22.2727184
1.67721093,0.7722496990000001,17.0897388,298.018524,113.58270300000001,295.121643,22.6880932
2.88204288,0.696466923,27.4331055,121.39373,10.4802809,180.708328,23.238132500000003
1.80269158,0.562555075,18.559042,93.08950809999999,254.65533399999998,4.46057796,22.0955734
2.17325211,0.6606035229999999,70.750206,335.356018,163.906555,271.48358199999996,20.9680443
1.2743597,0.484440982,13.030973399999999,310.740997,232.856003,270.791901,23.4457035
1.3568542,0.53041923,18.2198849,205.108948,32.4831619,222.71614100000002,17.845027899999998
2.57440782,0.658143818,28.4823723,359.583771,302.76617400000003,47.6087265,22.500522600000004
2.25880146,0.583204746,14.2222862,274.333344,316.75631699999997,208.12266499999998,23.425468399999996
1.6232394,0.710496247,43.78142929999999,18.234161399999998,304.567688,299.744568,23.4090919
1.28769863,0.404806703,15.0828104,123.181053,197.066132,222.907379,22.709238100000004
2.06951618,0.582259536,50.646656,304.35058599999996,254.46697999999998,192.828613,23.1921139
1.45594907,0.621198833,2.78651094,217.400864,147.45056200000002,137.772385,23.356754300000002
2.50026011,0.953285635,22.553957,129.836487,166.38551299999997,243.278427,22.3385639
1.28971004,0.321534276,32.3579025,341.176758,55.8383331,153.40152,23.483299300000002
2.69328403,0.63525629,42.246326399999994,134.559891,277.556946,234.675369,22.223934200000002
1.54976511,0.791227043,39.1818848,93.9596939,226.440491,308.99951200000004,21.8552799
2.69307494,0.733140707,51.6332321,275.399323,155.60611,70.5273438,18.707056
2.69693136,0.628944635,35.966987599999996,242.88382000000001,76.010231,337.410126,23.0271015
2.47044468,0.7529227140000001,24.236877399999997,208.95521499999998,161.580307,197.621445,23.2383404
2.52998161,0.795628786,25.541301699999998,197.09136999999998,327.839081,251.615219,22.5268993
3.21141195,0.734374821,78.74919129999999,349.153717,12.8880253,137.69120800000002,23.4651241
1.10356498,0.371486366,61.28675079999999,105.77163700000001,211.20628399999998,306.68548599999997,22.8016014
1.45635045,0.546023488,47.9708939,109.12579299999999,139.949768,213.905502,23.1468868
1.85516691,0.486263454,16.943283100000002,65.9947128,189.23239099999998,219.477127,22.7079468
1.03571761,0.43632158600000004,43.2761078,8.85707283,259.790833,342.54855299999997,22.041215899999997
1.22788298,0.343727529,31.200260200000002,119.88728300000001,203.464294,146.25235,22.991516100000002
1.19676244,0.36918547700000004,22.218097699999998,213.24614,277.39984100000004,243.486969,22.9817905
1.96699297,0.823137522,5.30190706,241.087906,24.7022762,64.8171158,23.452993399999997
3.02156234,0.8268602490000001,32.8256607,80.31330870000001,342.324371,7.99369097,23.3747692
0.7027795309999999,0.47156354799999994,19.8235111,284.78893999999997,277.271484,6.65317631,22.6957588
2.48310399,0.805078924,114.052475,144.591125,170.930695,12.6459932,23.2467327
2.53721595,0.637870908,54.531558999999994,184.662964,43.5490227,40.691215500000006,22.8594532
1.80131221,0.469864696,5.34741116,260.080933,116.59686299999998,329.909271,22.387844100000002
2.05749941,0.878625095,35.973873100000006,84.8576355,202.548035,228.30674700000003,23.349889800000003
2.02831149,0.637431979,14.4098835,291.889954,53.0287209,255.274277,20.8750401
2.08253694,0.629908144,38.0746307,319.574951,146.004349,229.53202799999997,22.9017811
2.1814487,0.576575041,17.5534153,92.3871231,191.740173,258.834564,23.017128
2.12419772,0.635967314,28.298790000000004,67.7160263,227.06268300000002,281.166229,21.3040962
2.64951658,0.636116385,27.629158,252.869064,129.789917,115.41761799999999,18.5714893
2.07374454,0.559069216,59.043792700000004,98.9239807,307.615051,156.668625,20.4090824
1.39475262,0.619195759,33.5199051,249.24556,195.740143,190.852646,21.7555065
2.8852098,0.809713542,46.3187943,79.4150925,135.380005,18.5162544,22.9402962
1.7767837,0.771230876,23.634130499999998,338.547791,241.724609,218.19872999999998,22.3608456
1.63826621,0.43648719799999997,47.6302376,67.3516083,137.282242,100.108223,22.1201267
1.0414958,0.0780299678,23.0543995,38.7947197,96.62142940000001,256.38998399999997,22.7766609
1.80977309,0.707021296,5.65415144,232.120255,129.983521,187.21018999999998,23.478569
1.0197196,0.537609279,16.2913208,327.25741600000003,88.72331240000001,137.567596,23.498642
2.86683464,0.7647005920000001,72.2766418,170.458588,313.157959,110.486298,23.251955
2.13232422,0.760330319,40.7179146,240.605606,305.74755899999997,96.6227417,23.0043774
2.28253698,0.676192164,6.3441062,20.9680195,305.375519,4.49656248,22.6531467
1.35512102,0.430507243,7.64903069,296.009583,220.741776,198.928497,22.8634872
1.84225523,0.598509252,4.95349026,244.73933399999999,244.957138,143.858139,23.144805899999998
1.52926993,0.465396255,32.556583399999994,157.991165,284.78656,164.42726100000002,22.428352399999998
1.51985228,0.5517331360000001,51.803745299999996,231.727936,350.48996,296.647552,23.4796371
0.732777894,0.400857568,20.6860466,14.168619199999998,271.027679,263.85778799999997,22.505750699999997
1.20162499,0.5208652020000001,33.6190186,67.7920914,141.691803,205.76443500000002,21.4129028
1.56135643,0.5454144479999999,40.636879,255.208481,146.900909,215.625854,22.412727399999998
2.05307031,0.541010737,11.0793552,178.771942,222.813995,91.1552734,22.709186600000002
3.83726621,0.7853502040000001,9.23153782,53.7249794,210.63896200000002,24.155117,23.4608288
1.54726505,0.557779789,10.184936500000001,40.140308399999995,22.0963383,262.11706499999997,23.496601100000003
2.57440448,0.830855846,122.070747,104.017212,129.795502,32.9124527,23.124445
2.40722466,0.586732209,13.144485500000002,209.969604,258.241821,10.847507499999999,21.0461845
0.969402671,0.416667044,38.0563126,198.832321,105.755676,41.88397979999999,23.260595300000002
2.45747161,0.644702852,4.8516016,89.2197418,220.24472000000003,303.161987,23.2950497
0.677400351,0.679308355,20.671400100000003,275.132996,48.5222664,210.56370499999997,22.7456875
2.29934025,0.6486572620000001,5.63643599,75.9102173,193.281555,81.1999054,23.470991100000003
1.74993432,0.552805662,5.32614803,143.997391,246.828598,328.756653,22.9404182
1.53377378,0.51450187,34.122291600000004,20.601907699999998,286.560699,184.08284,19.3218517
1.59201264,0.5151847,74.2901382,132.21676599999998,20.7891579,7.77063847,23.473381
1.10365736,0.275984198,12.0538034,119.976601,16.664875,170.462067,21.1077709
1.22444904,0.310367763,34.9102783,254.009308,263.016846,81.4956131,23.2571163
0.564677596,0.781864107,16.1362858,340.74411000000003,34.791770899999996,81.0697327,19.4938087
1.49984896,0.553381026,17.8058681,124.738449,331.526703,296.58252000000005,20.056625399999998
1.27528811,0.304695785,9.68025589,172.41423,172.612518,61.002819099999996,23.4834518
2.43431091,0.769632161,12.2097073,64.7268066,152.098373,264.408752,23.476215399999997
1.37938833,0.48154306399999997,31.052686699999995,200.378387,183.53714,342.473663,20.372098899999997
1.23715115,0.6300002339999999,58.5803223,248.809662,154.832382,122.627647,23.469244
2.35003853,0.602996767,39.9412727,326.812714,165.88188200000002,28.685743300000002,22.062356899999997
1.86804128,0.47107479,58.2238159,94.7991104,331.333527,35.556156200000004,22.8490906
1.32377875,0.464132726,36.657074,72.37260440000001,139.76225300000002,341.218719,19.7283783
2.73586082,0.72298944,13.514590300000002,147.200897,13.1616001,174.364197,18.7959633
1.36385167,0.573710799,6.6953721,243.06861899999998,125.272194,139.7733,23.3659897
2.27135992,0.701085627,25.335960399999998,49.2415047,222.044022,238.11067200000002,22.6275139
3.98471141,0.794091344,22.905284899999998,315.949371,291.084381,179.804398,22.7161427
1.75001025,0.631887257,27.595716499999998,322.082336,223.37629700000002,9.34318542,22.6210938
1.31636524,0.5223697420000001,29.9914398,202.668839,147.582596,237.198608,23.046850199999998
2.59378099,0.7251188159999999,27.736963300000003,261.972778,93.339035,187.42704799999998,21.0497017
1.0024904,0.849434793,5.65194941,222.216782,281.21191400000004,61.802642799999994,23.276451100000003
1.41846108,0.546086788,77.8010864,275.73199500000004,254.10314900000003,56.69771579999999,23.1928902
1.28078163,0.39895874299999995,29.804809600000002,134.764038,183.799454,160.62600700000002,22.9733219
1.63705456,0.579596519,49.634319299999994,263.117706,107.0569,218.64070099999998,19.764316600000004
1.51776612,0.341404229,26.111944199999996,28.906124100000003,184.038528,20.4515972,22.815860699999998
1.27665508,0.267233551,29.558338199999998,92.24973299999999,307.08013900000003,70.48835749999999,22.7507668
3.6054976,0.739383757,61.9543228,29.7344761,172.84613000000002,216.441757,22.7838364
2.97574592,0.689137995,39.5399208,242.42111200000002,67.2669144,147.023315,23.3546677
1.62923574,0.413825482,47.356304200000004,293.149109,289.22345,55.1518593,22.8754425
1.50535035,0.656782448,7.57340384,192.959198,238.73509199999998,168.536545,23.0723515
1.30582917,0.763218045,28.593938800000004,190.268311,121.761902,265.402039,22.4074516
1.80891883,0.533087015,18.7868671,181.190811,310.856537,126.299484,23.124288600000003
2.5929985,0.714165092,13.4601269,308.513123,244.174759,124.570206,21.6096153
1.45021963,0.9151574370000001,23.9267464,196.68458600000002,143.868347,341.707092,22.2830372
2.34644938,0.7536395790000001,20.4714985,303.36773700000003,336.355194,143.003098,22.704792
2.43134999,0.7028898,58.68974300000001,1.73940182,196.92157,268.134857,23.4508305
1.7162987,0.502716184,7.64069176,117.56336999999999,176.340408,183.444275,23.4922523
1.88367438,0.505909204,13.4655714,65.696228,124.601303,217.02532999999997,23.432086899999998
1.91759813,0.516091824,10.691251800000002,147.412903,269.184631,239.909653,19.2022991
1.7452426,0.666871786,16.0468941,89.21640009999999,355.807495,321.617706,22.5572262
1.21102214,0.658082962,21.940448800000002,241.82057200000003,171.3564,247.084869,23.2016335
2.86343622,0.702213645,82.6114426,291.68734700000005,267.414337,91.47682950000001,23.087362300000002
2.39370322,0.63241607,24.5891647,157.785873,2.63751268,165.19801299999997,21.0535069
1.91285336,0.754237831,31.082641600000002,178.526047,337.92132599999997,250.940399,22.1294155
2.82303786,0.861570418,114.282623,198.52226299999998,207.906097,5.02697468,22.3065548
2.23085356,0.588952661,7.67838049,175.097229,325.35263100000003,301.030121,22.918207199999998
1.29228747,0.671014011,54.857681299999996,245.973648,231.700577,233.071396,21.0739555
2.51874208,0.769271374,57.323547399999995,155.08985900000002,26.074493399999998,36.7864876,22.5498371
2.57700634,0.772183299,15.7026815,221.43290699999997,126.41976899999999,123.832314,21.662981
1.21994901,0.556434333,64.8087769,353.54840099999996,35.3655815,126.38243100000001,22.8240337
1.94791472,0.8141672609999999,51.3565674,27.1761093,226.014694,257.671265,22.920763
2.03777027,0.76381743,33.5336571,276.802216,98.7476196,150.626923,22.7455025
2.54877019,0.649243414,47.6646843,57.32585529999999,140.01152,79.9263,23.1636391
2.48466492,0.719631255,9.68331718,339.433868,263.491974,98.87002559999999,23.4112263
1.78946066,0.523217261,40.965976700000006,38.7816963,225.932877,82.4399261,22.5341206
2.23806477,0.609171271,16.1083832,99.637001,173.113281,232.64497400000002,22.748832699999998
2.08172488,0.932980955,23.484350199999998,150.636749,340.69516,15.842681900000002,22.469612100000003
1.3668381,0.607802391,33.2024956,109.61331200000001,144.612579,291.753876,21.3895836
2.27262187,0.726708055,43.1352921,6.17284679,323.259644,156.491928,23.211357100000004
2.83324099,0.714038968,3.55303001,88.078476,156.433044,343.555969,22.6066742
1.32252192,0.5877149110000001,20.4529343,249.70304900000002,206.337723,167.81321699999998,23.358446100000002
1.42000818,0.334998757,20.5906525,350.81329300000004,325.294464,131.359207,23.3578224
1.31364346,0.61436224,34.1016998,133.86703500000002,186.66626000000002,114.679718,22.8853207
1.17908108,0.390608698,5.26738739,211.4767,142.513565,137.736206,23.177475
1.50264966,0.421803892,47.30864329999999,332.33255,334.057404,323.82266200000004,23.335082999999997
1.5154382,0.393657744,15.021018,211.087692,178.427841,206.009735,22.514392899999997
1.81481993,0.46295362700000003,28.635545699999998,315.701416,212.70887799999997,144.444534,23.3382225
1.12987852,0.36304026799999994,42.9923744,152.400909,34.3267059,48.996479,23.4413738
2.02195263,0.714400768,22.3113194,160.472336,171.156754,104.021973,22.7765465
1.16328394,0.37868017,5.19687414,186.563049,329.91803,239.133942,21.6928768
2.17488742,0.7128440140000001,9.08706284,267.256805,59.4600449,192.422974,23.3047504
1.57815826,0.437797427,7.95072794,310.028137,92.7286301,38.003738399999996,21.8599777
2.06129336,0.532502115,5.65983057,258.7995,50.69592670000001,295.023651,22.4747505
1.00658405,0.51474905,31.4195728,330.079865,264.257538,158.982788,21.528703699999998
2.7090745,0.8718311790000001,21.5219383,90.230011,232.379013,343.414917,20.9165249
1.95226443,0.522613764,66.1171951,165.69975300000002,32.8616753,269.316528,23.2016277
1.30150986,0.34680202600000004,9.03789425,307.604706,66.756279,143.63468899999998,22.8129158
2.17196369,0.7697389720000001,25.0402889,335.90185499999995,116.82069399999999,57.232459999999996,22.787660600000002
2.55612659,0.61020726,36.6086044,269.126831,313.381287,320.949524,22.8716679
3.33073616,0.810703397,3.37652874,109.869644,57.712631200000004,298.141602,22.280637699999996
1.18449163,0.235633299,34.304401399999996,184.781479,322.989105,99.0112228,21.8339634
1.02287197,0.285090148,19.7248363,75.6878052,115.71723899999999,107.11853,21.0832863
1.6174978,0.480307996,26.544971500000003,166.955658,100.09060699999999,278.34713700000003,23.4023743
1.63060713,0.44969928299999995,44.2862816,143.80694599999998,213.97808799999999,231.711929,23.4443035
1.21759617,0.453212798,52.6774254,259.283997,59.15116120000001,355.230927,22.250042
2.20393085,0.721758187,10.5004339,155.217941,77.3395309,52.8079414,22.668851899999996
1.61147976,0.453866273,9.36585522,125.368721,23.123163199999997,222.55891400000002,23.2717266
1.86097145,0.735005915,24.4472675,166.756241,257.57232700000003,172.386169,22.4222622
2.12904882,0.539761841,15.223993300000002,163.080368,184.42851299999998,38.6301079,21.784616500000002
2.13212204,0.788933158,36.0451965,328.540009,59.7841873,358.087677,22.7144833
2.22167802,0.778961957,66.00227360000001,301.315735,214.531219,184.562759,23.3050423
2.47314525,0.7428964379999999,8.75949955,42.2659798,37.3096008,227.12171899999998,22.7051296
2.67119694,0.656225026,19.346157100000003,30.403440500000002,147.184448,260.934692,23.494239800000003
1.14469004,0.170246363,64.95715329999999,270.42260699999997,59.40744399999999,119.177322,22.624042499999998
1.82497442,0.474096477,21.8760567,185.462799,150.38734399999998,177.97171,22.6941624
1.30085564,0.525736809,28.042638800000002,188.979523,168.785507,52.966686200000005,22.366787
0.9798635240000001,0.465683281,25.759939199999998,262.525146,115.82592,214.015656,21.9092865
2.16864777,0.7980264429999999,9.27618217,93.9930191,268.078094,259.41037,23.4618607
2.09919047,0.639446437,11.949955000000001,177.580521,273.214508,204.203766,22.5868454
2.07262206,0.698304296,11.756547900000001,272.402649,299.96096800000004,227.861023,22.9221992
1.78025591,0.578098118,5.15066528,83.2933426,198.444366,342.81402599999996,21.656023
2.80972362,0.735871732,17.4737625,206.980637,251.657608,222.48451200000002,22.689161300000002
1.16308618,0.245421991,27.011465100000002,100.57684300000001,179.654724,205.50436399999998,23.3161812
1.67496157,0.6267787810000001,56.6312866,235.42421000000002,213.362762,284.661377,23.0080395
2.51603317,0.6956239940000001,40.880928000000004,231.208054,36.6158104,22.535673100000004,22.794178
2.50796604,0.60767144,6.62278652,173.333862,110.517448,311.94574,22.8457508
1.42061687,0.726487041,66.678421,116.87618300000001,279.958221,264.895233,23.2628746
1.6832931,0.5988680120000001,7.72918129,131.62866200000002,257.066864,205.427673,23.2770805
1.92471957,0.773047686,71.1560745,137.847519,187.02883899999998,151.746002,23.2258892
1.51172066,0.426557064,7.00507689,307.758331,235.996613,214.849213,22.344497699999998
2.75233459,0.64035964,43.942600299999995,292.243134,160.78048700000002,267.598907,22.972065
2.49281836,0.7567456359999999,30.8663425,328.676025,286.20224,303.981384,20.2620983
2.62901139,0.632209361,37.5670929,115.28863500000001,19.269537,146.73466499999998,23.1719131
2.56795382,0.62965405,11.5569992,340.984039,146.72142,232.74250800000002,21.5271187
1.69383872,0.454712451,38.8740883,219.35835299999997,213.00224300000002,300.505493,23.331964499999998
2.15501261,0.681828439,50.4661751,84.8668213,84.8251801,53.0267906,22.2180862
1.42440391,0.7387835979999999,34.4026871,77.8925629,129.10548400000002,180.942566,23.0459557
2.92861199,0.796448052,47.294338200000006,269.450989,140.364182,336.316498,22.9102211
2.9644146,0.701183021,54.085277600000005,48.044899,161.437576,276.384094,23.246639300000002
1.34294748,0.41713780200000006,13.318582500000002,65.5354538,177.08918799999998,314.232208,19.857515300000003
1.40397477,0.38024753299999997,23.8955822,113.27777900000001,201.476334,348.282349,22.711357100000004
1.59749973,0.745154798,27.7935658,68.3381042,199.131256,266.637512,22.5042152
1.47206402,0.516153395,25.633806200000002,186.895386,283.269897,58.853095999999994,23.4666176
1.79192996,0.602403104,5.8922739,348.903534,181.803253,317.183228,20.945808399999997
2.13106322,0.570451498,9.09088326,219.96962000000002,356.768555,127.107285,22.724006699999997
1.77221918,0.476460606,55.112335200000004,265.579987,28.207140000000003,28.2092113,22.336071
2.53117776,0.7221660609999999,4.76771975,254.37796,194.562225,214.597717,21.6360435
2.07293463,0.7314592,10.388307600000001,189.17111200000002,81.1994324,95.72067259999999,22.8569622
2.16979289,0.593856275,23.7597656,27.1535892,236.33625800000002,338.56054700000004,23.480621300000003
2.79426146,0.847694278,14.988830599999998,4.46292782,129.147476,172.574982,23.4081497
2.53203368,0.611725867,29.2356224,198.323746,278.83459500000004,267.487488,23.3796577
2.48180103,0.593426228,23.177042,282.60931400000004,225.99295,302.734894,23.3339462
2.30297589,0.616841912,56.2276573,42.849556,184.79316699999998,26.367885600000005,22.224554100000002
2.31301594,0.8375266790000001,11.5366154,202.657242,346.30456499999997,3.83257627,18.4429569
2.56241655,0.622456372,13.668280599999997,152.870071,202.02211,75.3513489,21.8474903
3.18054867,0.778826237,11.150034,287.976715,132.202698,325.996368,23.4615612
1.13100541,0.712001503,40.7183723,167.36488300000002,120.02683999999999,202.88691699999998,23.4493294
1.76257622,0.563916922,8.58705902,292.574829,183.866547,176.13443,19.5189266
1.48776102,0.46493402100000003,26.185716600000003,181.826523,333.083832,185.822678,23.3345985
2.47488809,0.985561073,20.492862699999996,62.87742610000001,54.4953957,168.441956,22.7679806
1.84497392,0.511770308,6.28207064,241.915482,27.748106,97.2075653,22.3161964
2.24625969,0.719263256,3.65592504,41.078815500000005,321.440063,154.972305,22.534612699999997
1.45564079,0.8330423240000001,23.8503551,160.79538,257.058533,336.672546,23.4863358
2.50355244,0.723222315,21.6485157,68.1059875,317.654327,163.502701,23.4855576
1.22711635,0.184896067,19.4936161,325.643463,233.353073,192.130417,23.4888821
1.44440281,0.550640106,26.7021179,34.991958600000004,352.421967,312.456818,23.41675
2.37798977,0.722615838,8.48884773,105.62573200000001,317.04699700000003,287.276093,22.640273999999998
2.10113478,0.6161349420000001,5.04954338,201.606491,258.639008,86.40158079999999,23.033739100000002
2.07279992,0.5290974970000001,6.5577817,176.608856,149.64428700000002,199.129501,21.573371899999998
2.10772181,0.5799962879999999,3.77676821,217.28157000000002,278.46756,147.73877,22.6620426
3.5156312,0.759622514,66.1623688,293.969452,45.31646729999999,218.58660899999998,21.572320899999998
2.41954231,0.7660884259999999,43.6137848,49.5414085,85.5385513,321.431244,18.812974899999997
2.34562969,0.695233405,50.5046349,15.2870789,244.79129,151.481842,23.0853081
2.21465731,0.6487808820000001,49.24817279999999,335.802368,224.489517,65.90634159999999,20.383497199999997
1.44756997,0.525732219,28.8559875,342.111481,94.1580048,347.044403,22.7205048
2.87992859,0.688485563,19.7152729,25.326555300000003,343.413757,5.56603432,19.9170818
1.69223571,0.6294568779999999,18.6673908,356.144409,112.762833,187.977859,23.0126343
2.2541697,0.8870347740000001,40.502235399999996,342.836029,12.2532539,259.009674,21.5464287
2.37992454,0.581462145,10.1031427,81.31642149999999,220.465256,287.514954,21.5156574
2.49403453,0.682150006,79.0682449,124.14656799999999,34.1186523,241.607269,20.9911652
1.75661016,0.687204778,72.994072,79.3339462,344.17028799999997,253.847321,23.2001896
2.14740515,0.9005847570000001,41.3930473,77.6687393,242.03089900000003,72.3126907,22.9705448
2.49047041,0.6103989479999999,5.1728735,189.85823100000002,301.313721,18.9460087,22.5527878
2.04560733,0.68757534,28.2166252,248.23504599999998,12.9622688,351.098511,23.4000111
1.53382421,0.756506681,5.81940794,92.78778840000001,315.038361,213.659988,22.831964499999998
0.851712048,0.630378604,24.7278957,308.759125,52.474082900000006,98.7599335,23.065866500000002
1.78679729,0.7385683059999999,41.2904701,254.16412400000002,354.481476,138.294693,22.4683514
2.28862262,0.8364050390000001,1.66568112,115.59243000000001,261.050354,170.057358,21.605354300000002
1.02900636,0.571607888,30.4054947,309.229218,5.8298564,147.660797,23.011947600000003
2.06730413,0.7049378159999999,9.9561491,105.85176799999999,312.55249,110.207153,22.277307500000003
2.36751652,0.740933418,21.5324249,247.160706,192.447067,99.8545074,19.0788841
1.29402637,0.347236127,33.5080338,266.545898,268.214966,107.409973,23.395961800000002
1.43501759,0.299166322,21.570055,242.955597,319.223602,88.83982850000001,19.1081715
1.58632898,0.411525697,71.4982071,39.2440224,249.257904,253.290192,22.837598800000002
4.04725409,0.900311172,16.3834476,45.6122513,95.5513153,322.36618,22.90345
1.36360574,0.329579383,70.4365387,242.42340099999998,207.71191399999998,207.520081,21.075489
1.34848928,0.46804308899999997,57.256958,197.801331,260.986145,210.310013,22.615943899999998
1.35714507,0.7924575209999999,35.6031265,127.59263600000001,10.508873,43.572204600000006,22.406112699999998
1.98573875,0.716076672,49.3627548,102.900642,87.37718199999999,252.09919700000003,23.336652800000003
2.07109928,0.560612082,10.7884855,24.330703699999997,311.802094,197.423843,23.055851
2.77028012,0.635326087,9.57867908,330.92688,139.2827,264.643768,23.484785100000003
2.05632639,0.75482893,2.00588489,70.8339996,294.229187,340.527313,21.692642199999998
1.98323011,0.520160794,19.6748562,144.81436200000002,106.494896,226.17038,22.1901875
1.10929239,0.20984609399999998,30.9087887,98.9850311,260.36080899999996,64.9972916,23.193018
1.39359915,0.510984898,19.6685276,247.710526,349.04449500000004,37.6017799,22.6177235
1.40372491,0.729579568,7.99765968,330.283081,222.94909700000002,178.33049,22.682897600000004
2.26166725,0.6762897370000001,8.76595592,243.344391,76.4959869,112.6166,21.266111399999996
1.92678976,0.565089345,7.60974646,59.6397209,2.92838216,253.05535899999998,23.193437600000003
1.82832313,0.6587469579999999,11.2624216,326.168365,183.037491,150.494675,23.181694
2.74415755,0.897647619,40.0358124,353.57913199999996,211.08918799999998,286.233154,22.915123
1.56864536,0.418254554,15.2974167,262.801056,139.610031,239.225174,23.0789299
2.6764679,0.82344687,61.403026600000004,130.19725,127.329353,10.440509800000001,23.2607422
3.33223557,0.766999722,13.5976896,80.96133420000001,326.218964,314.20517,22.006681399999998
2.51166463,0.723011911,10.129401199999998,174.42976399999998,28.5334244,159.519638,21.655298199999997
0.859960735,0.250113666,20.4835644,264.381348,289.615448,70.84298709999999,20.558961899999996
1.60843194,0.662658811,45.1314583,221.377106,156.919098,6.12201309,21.572719600000003
3.27816319,0.7529046540000001,45.5579987,124.63261399999999,171.709641,82.22399899999999,23.4748478
1.47697008,0.486173421,10.8441067,145.720154,175.138992,348.741516,23.446054500000002
2.99214411,0.713313341,18.321950899999997,38.4386292,26.8398781,309.762115,23.3561783
2.4978168,0.7502684,26.7606125,23.5953503,111.69780700000001,337.17620800000003,21.7817745
2.0100925,0.629276514,21.5959969,341.317688,301.425873,101.174141,23.2862682
1.94582725,0.6518262029999999,40.0142441,314.912537,115.365082,132.339279,21.036634399999997
2.12965202,0.774555862,13.2507839,244.91682400000002,311.32223500000003,5.55407143,20.859838500000002
2.64499474,0.8352798220000001,60.0725632,20.6483307,179.781418,359.945374,22.795234699999998
2.05983496,0.548787951,15.5995932,123.54142,155.527328,170.582809,23.136089300000002
1.86607194,0.8725371959999999,25.9573021,81.2337036,125.394135,285.838837,23.0820866
1.81097579,0.7644341590000001,72.9894714,143.645905,97.96157070000001,204.84108,23.1657658
1.04786062,0.5385645029999999,11.2343493,103.913292,242.16926600000002,213.428741,23.3030186
2.73929405,0.8612389559999999,75.4018097,239.57752999999997,161.017456,121.33063500000002,17.3425655
1.10063791,0.49385815899999996,16.8062534,263.485718,329.903229,41.0039482,20.141979199999998
1.04596186,0.7622289659999999,9.73451138,118.80668600000001,79.29343409999998,283.527435,20.9928799
1.11857915,0.687467873,8.38213634,280.91891499999997,349.132812,348.40142799999995,23.3484421
2.02334881,0.640297472,24.5798321,54.187252,150.830444,274.11584500000004,23.3100777
2.71436954,0.6737439040000001,9.12696171,236.76413,16.7668209,192.714066,23.4088688
2.56678462,0.662286222,23.8734818,135.183258,259.26171899999997,197.467667,22.3751755
2.7213304,0.686107755,28.0966816,34.9935799,138.67115800000002,16.253994,23.1300125
1.2275238,0.66212821,59.930625899999995,327.849701,169.210953,148.72699,22.0769558
2.55161977,0.7579867840000001,29.708469399999995,199.083908,317.221619,140.267899,23.0261154
1.54195988,0.486899853,18.504383100000002,240.996475,258.66650400000003,52.68675989999999,22.9487934
0.888067782,0.354514062,12.328845,251.65185499999998,319.755402,108.415924,23.455465300000004
2.61516905,0.6958875059999999,29.556505199999997,353.63824500000004,345.350891,309.099884,21.8177509
1.44052553,0.300313503,29.658216499999998,352.775604,209.693451,319.44830299999995,20.2593727
1.50910044,0.634194195,12.9721708,72.18395229999999,185.148819,285.358673,20.646787600000003
1.8559233,0.766394019,13.493121100000002,326.358093,274.9263,159.238449,22.7878494
2.85518932,0.695040047,36.9029999,186.78765900000002,305.017853,82.4702454,23.4018383
1.4346869,0.5591285229999999,65.0453796,209.734894,54.980422999999995,230.59744300000003,21.140922500000002
2.32795644,0.608124197,25.1365108,284.223846,167.077499,235.423447,20.825025600000004
1.34485173,0.458512098,24.7847157,119.099869,179.809372,145.578049,22.9121513
1.60396433,0.73210007,30.512523699999996,190.690598,153.008148,202.308151,22.1489735
2.38151431,0.6016879079999999,32.7464676,145.231201,120.24468200000001,103.96389,23.015153899999998
2.79563642,0.767591059,35.18553920000001,69.44317629999999,116.563965,231.12722799999997,23.173131899999998
1.35128891,0.9139987829999999,50.797355700000004,194.408951,126.609344,266.69342,23.482353200000002
1.80565667,0.8283146020000001,13.0424147,340.057007,185.348846,273.24292,22.5165749
2.22290444,0.6325687170000001,27.2224827,220.9711,105.675529,19.3438988,23.1518974
1.51848149,0.511718333,61.40328220000001,269.887848,90.5139618,167.272476,22.7540836
1.83128095,0.536831021,46.971237200000004,129.847916,257.242401,99.70172120000001,23.4646263
2.56112051,0.70833391,8.69456005,313.369049,357.204346,131.722626,22.842292800000003
1.65420187,0.48446056200000004,30.7166805,306.870026,195.275787,101.880264,21.188022600000004
0.9859570259999999,0.620583475,20.799240100000002,128.636383,89.97543329999999,161.03637700000002,22.722581899999998
2.16634655,0.56580168,79.9125977,333.07662999999997,77.3399277,208.649002,22.166238800000002
2.50238729,0.839552462,32.683197,301.542328,351.12435899999997,298.567291,21.341074
1.98664439,0.85692364,32.0853233,33.6653709,226.120743,70.4460526,20.8278141
1.79697311,0.460425377,13.8028555,183.357452,12.192302699999999,110.36727900000001,23.1812878
2.49701142,0.661456585,32.0041847,193.472488,355.176453,30.7767925,21.384882
1.89850914,0.550208867,17.2605648,239.917572,268.03244,349.812225,23.1914711
1.97591531,0.901192725,137.01710500000002,133.30955500000002,48.9921875,189.34428400000002,22.735032999999998
2.29790592,0.5876420139999999,9.0122261,254.20814500000003,122.059738,69.593132,22.583343499999998
1.98861313,0.773189127,1.32234657,254.288971,215.487106,256.109711,23.4841328
1.22618878,0.543632686,74.3977509,122.81195100000001,265.128204,182.304489,22.7223701
2.22375965,0.545502484,0.8341996070000001,159.733093,52.8904686,199.455475,23.246826199999997
2.07826495,0.599205315,10.562685,230.34892299999998,174.523071,284.011627,21.6516838
2.14206004,0.585347295,18.8308182,92.40209200000001,328.25106800000003,124.826622,22.8215885
2.15690804,0.5943720339999999,23.5419159,334.11636400000003,57.5013046,78.92617800000001,22.3806934
2.27954888,0.740944743,34.6696625,72.3467407,232.38795499999998,110.446304,23.48493
2.47682452,0.793311179,14.955101999999998,296.703796,16.715538000000002,65.2236633,23.1453743
1.6573236,0.431550741,7.76146793,94.9564285,269.45953399999996,284.104187,23.2735672
2.01323128,0.594049513,29.289419199999998,100.010605,253.802811,152.362534,22.2984142
2.43395019,0.760712385,17.282018700000002,49.0300064,43.1540489,316.403931,23.1306343
1.51245809,0.823597968,40.007568400000004,223.67025800000002,323.543854,155.499405,22.7078419
3.36624241,0.719238341,37.407394399999994,321.020844,205.194077,125.37355,19.0161324
2.17029619,0.56076622,9.07543659,150.38815300000002,174.417099,194.370377,19.681274399999996
1.78754771,0.444544941,3.78293204,20.536087,159.270508,22.9639149,22.8692684
2.33546495,0.893693686,4.91226101,122.99933600000001,201.597809,242.587265,23.128543899999997
2.4324348,0.7514702679999999,8.47782993,92.41832729999999,278.403381,185.901321,23.4547539
2.44938231,0.813394308,33.2415771,141.082458,150.992447,7.53368139,21.843778600000004
1.54941714,0.823636413,8.39364433,212.93783599999998,116.917274,258.03182999999996,23.258272199999997
2.47313714,0.616324604,2.78874612,208.330048,314.648499,12.3953781,22.523819
2.73232698,0.793911397,39.5634499,69.4988022,75.270607,284.845032,22.8187943
2.03299332,0.745041728,26.7620068,28.6929855,22.9046173,252.70930499999997,23.4895382
1.18767869,0.448392481,33.5998344,311.974518,74.0862808,347.77194199999997,23.246030800000003
1.48318803,0.725358963,67.03410339999999,140.429855,322.89935299999996,53.2290382,22.650209399999998
2.46133351,0.62664628,12.0503922,241.52812200000002,92.7719803,297.082489,23.403635
1.02213788,0.76313585,23.463192000000003,272.70376600000003,275.28155499999997,34.4529419,22.7371502
1.0140059,0.16181710400000002,22.967674300000002,55.5877419,8.82665634,52.3843689,22.4461346
2.26994658,0.5994213820000001,35.4667969,20.091215100000003,227.74969500000003,183.794189,21.819698300000002
1.6402905,0.61019212,47.038063,144.996323,140.517502,247.55046099999998,22.002470000000002
1.7423414,0.748762429,65.5686951,322.158844,129.86578400000002,121.46711699999999,21.902433399999996
1.33172703,0.40234255799999996,19.2837639,148.582855,357.824371,18.9403,21.7855644
2.48584557,0.654072523,19.857288399999998,76.80993649999999,11.700386,274.43917799999997,23.4750767
2.35255933,0.590914786,11.9820948,145.867996,58.2051277,217.64485200000001,22.4720058
1.61962759,0.408658147,33.2159653,266.933655,167.291199,117.99333200000001,23.1968937
2.67344928,0.710391462,20.7690792,173.81883200000001,317.47463999999997,35.5968628,23.1815109
1.60798132,0.7997665409999999,69.600174,350.051849,23.7885551,221.492645,23.1541843
1.44776499,0.47881329100000003,37.2590027,219.68031299999998,353.345032,291.663818,23.056556699999998
1.76824653,0.47070875799999995,3.41976929,139.23945600000002,193.11348,210.44256600000003,22.2544918
1.7289561,0.465074599,29.2429562,84.07585909999999,21.8847332,25.6165009,22.9247189
1.9765451,0.740221322,13.502285999999998,188.780396,136.935333,168.225708,23.3282986
0.9660304190000001,0.169113293,51.44170379999999,258.497772,2.42247462,168.564743,23.285888699999997
3.56361175,0.866142511,57.1639442,25.0307503,202.28273000000002,318.076355,22.6852779
2.01811552,0.500098825,7.21522331,83.99105829999999,46.4405937,201.510757,22.0679512
2.44872379,0.678624153,26.696670500000003,229.869156,244.741791,230.039474,23.4346561
1.5717212,0.49088233700000006,23.6187611,76.3875961,248.812958,38.387249,20.790649399999996
1.7656256,0.618242919,59.699974100000006,281.334656,291.627319,270.81304900000003,18.8316059
1.8900373,0.555402756,75.1151199,288.95929,241.785553,190.025345,23.2903233
1.31320035,0.612541378,37.026722,87.8810349,136.701721,255.62265,22.5078831
2.07786298,0.591001332,44.2148247,180.891251,17.3579483,355.255768,21.757946
1.94934213,0.766292572,4.64384079,72.39456940000001,67.1837234,117.579773,21.959877
1.39200938,0.651890159,1.64359522,279.343292,51.9071617,8.28945255,22.983905800000002
0.801116347,0.7248674629999999,23.366144199999997,276.09475699999996,355.222107,285.449768,23.4590969
1.2553612,0.20357792100000002,22.599693300000002,115.25021399999999,73.3401871,142.62323,23.2795582
1.97956812,0.811679423,36.7451706,331.23819,42.4901276,207.974854,23.3263569
2.14803267,0.554148495,7.06246233,77.992424,141.034348,222.232315,22.4832668
1.31802619,0.706176281,33.6556396,139.13864099999998,159.056824,123.35419499999999,23.1565018
1.51658964,0.594069541,20.7188168,94.3632584,56.1465836,102.939598,19.6047115
2.2428236,0.648077965,20.550226199999997,90.03976440000001,310.471344,267.76474,19.5445499
1.13863742,0.665109992,49.8245277,42.8745537,114.839745,286.640442,18.5202885
1.79166329,0.869669259,61.04125210000001,142.839264,19.3148232,211.51145899999997,23.4872818
1.86219406,0.633700073,3.50949955,58.0649529,217.68249500000002,154.884567,22.700491
1.91488445,0.784970224,7.57017469,330.205231,147.022949,116.814453,21.293775600000004
2.46496701,0.787396491,8.51019287,254.97876000000002,293.056793,75.0765533,23.104028699999997
2.49015021,0.762972295,23.828544600000004,76.45578,224.78100600000002,118.08461000000001,23.0314732
0.879761517,0.29829818,43.9967918,273.99267599999996,6.83838844,296.75631699999997,23.223566100000003
1.56346738,0.557993293,18.7421932,323.978638,123.02496299999999,74.6839142,20.2991047
1.02527773,0.18520399899999998,24.5267963,38.6797829,124.8993,110.816574,23.4099331
2.49245858,0.7309993509999999,29.965204200000002,310.017273,102.46217299999999,169.920898,23.170621899999997
1.32042551,0.5844350460000001,25.0991039,143.805389,63.524150799999994,282.224243,23.4914932
1.66215527,0.51930958,27.108099,40.6475906,263.286682,82.9896927,22.7966766
1.89966202,0.476294875,32.879612,119.245979,174.264709,132.702271,23.178154
1.43673873,0.41175830399999996,58.1750412,232.77096600000002,52.3033333,212.91043100000002,23.2537613
1.82833302,0.563749611,42.656330100000005,228.522934,124.871544,199.683884,23.3595486
1.78639722,0.489240915,18.2723656,299.78421000000003,34.3105927,267.225891,22.619857800000002
2.69738245,0.753390551,45.6860199,236.41571000000002,149.604126,132.400299,23.367637600000002
3.25821662,0.852012157,82.60873409999999,321.467285,184.954422,106.361847,20.8752003
2.2355988,0.725087047,20.672123000000003,85.0058975,13.5445223,199.219833,23.0044327
2.1571126,0.547278643,50.3956261,147.794983,208.105164,98.59437559999999,23.429872500000002
0.790243149,0.519373834,43.6207504,23.0666542,73.5022354,195.617493,23.4366016
1.85773385,0.7538005109999999,60.270214100000004,63.2532387,286.203125,17.1795921,20.7326412
0.831990421,0.22591361399999998,13.575870499999999,152.018707,163.467361,336.361847,23.1609688
1.11646461,0.187286884,14.406731599999999,204.29222099999998,26.047725699999997,339.52252200000004,23.4394875
1.93393075,0.665997148,17.5642891,223.97889700000002,256.385559,218.30256699999998,23.335056299999998
1.88112903,0.608460307,66.2526932,230.24295,155.180283,257.756622,20.8467064
1.99052167,0.586062491,23.6522427,117.518753,308.12265,140.367783,23.0616684
1.6722393,0.560954034,22.7846813,91.50052640000001,250.476486,109.25334199999999,23.492549899999997
2.5034833,0.691162825,17.8556576,83.83442690000001,121.689384,83.3170929,23.1204109
1.10290253,0.443253368,30.850015600000003,351.466156,111.021072,66.4141464,23.4483967
1.63307691,0.504299402,40.1599274,271.75878900000004,89.62294770000001,77.33078,23.1097355
2.50999236,0.75727278,55.99430079999999,302.71283,80.2547531,231.973907,22.5662594
2.56290483,0.75442791,15.2176914,30.2663155,143.466461,300.438446,21.2250633
1.84699631,0.634222865,17.2554169,72.32637790000001,355.34518399999996,151.32728600000002,23.1085434
1.70465565,0.426902801,8.99373245,198.627869,278.049408,243.63156099999998,23.1243687
2.35599375,0.7621418240000001,12.7920246,156.805954,225.53500400000001,155.40164199999998,22.5207729
2.11563587,0.717735529,2.55321169,4.16579247,299.997711,178.735901,23.3587952
1.92768359,0.49551969799999995,44.2389717,302.146118,356.34899900000005,334.683685,22.0606575
1.85034525,0.605606735,53.425724,142.76544199999998,317.519257,327.74462900000003,22.0022449
1.05040216,0.0524447523,22.3811054,142.373962,59.458416,99.4079132,22.896690399999997
1.92824459,0.601467967,38.585029600000006,30.087829600000003,99.6755066,221.36744700000003,22.531230899999997
2.62318444,0.642508924,39.0671005,49.142124200000005,165.805756,275.898132,22.6087551
2.1710887,0.7367579340000001,21.2380924,158.03009,318.495819,6.05715752,22.743961300000002
0.809114277,0.48636505,39.685359999999996,91.02745820000001,277.504852,321.647247,22.186939199999998
1.71374106,0.567830324,17.1025658,80.25314329999999,153.896286,251.413956,23.1942673
1.71912682,0.637530565,36.019336700000004,116.293434,214.131439,217.52270499999997,23.1674557
1.82494795,0.467227459,39.1376534,245.648087,122.321671,160.088257,22.7434635
2.27364564,0.869773448,15.4393206,37.2727585,305.98681600000003,67.3666534,21.904314000000003
2.62264013,0.618952811,19.2702122,69.64828490000001,253.71504199999998,74.2180634,23.4960499
1.50411272,0.7343031170000001,54.93273539999999,79.0583801,37.372066499999995,2.16374874,23.0203247
